"X","year","month","day","hour","PM2.5","PM10","SO2","NO2","CO","O3","TEMP","PRES","DEWP","RAIN","wd","WSPM"
1,2013,11,23,12,165,162,56,89.7161,2300,16,13.2,1015,-5.9,0,"E",0.8
2,2013,8,15,1,50,61,4,17,900,84,27.8,999.6,25.6,0,"S",0.9
3,2014,1,5,6,137,138,77,91,2300,4,-3.7,1019.6,-7.7,0,"N",0.9
4,2015,12,5,9,28,34,19,61,1400,5,1.4,1026.9,-9,0,"NE",1.2
5,2014,5,7,13,22,84,4,12,100,119,24.4,1001.9,-4.9,0,"NW",2.8
6,2014,10,31,18,183,194,11,103,2100,10,13.4,1014.8,9.6,0,"S",0.8
7,2016,12,5,22,25,34,9,85,1000,3,-0.2,1027.2,-14.9,0,"SW",0.6
8,2013,11,4,11,31,62,10,55,700,12.2094,16.4,1024.6,-3.2,0,"W",3.6
9,2016,2,23,6,10,10,5,16,300,68,-1.5,1033.4,-17.7,0,"NW",3.2
10,2015,5,16,18,48,48,11,23,600,174,27.4,1000.6,3.1,0,"SW",4.8
11,2015,8,4,11,12,45,6,40,600,74,29.4,997.9,15.1,0,"S",1
12,2016,5,20,7,113,114,20,84,1000,39,19,1011.7,10.5,0,"E",1.3
13,2013,11,15,13,56,149,23,62,800,29.3454,16,1010.9,-8.4,0,"S",1.3
14,2014,9,9,6,27,65,3,67,600,2,17.5,1006.4,11.5,0,"NE",1.2
15,2015,6,19,22,37,58,4,75,1200,24,18.5,1008.2,16.5,0,"SW",0.1
16,2016,2,13,19,8,17,2,8,200,77,-1.6,1025,-21.7,0,"NW",6.5
17,2013,7,25,17,71,55,13,36,600,210,33.9,996.3,19.9,0,"SE",2.8
18,2017,1,26,16,8,110,3,10,200,71,9.166666667,1018.333333,-12.1,0,"NE",4.6
19,2016,7,1,18,13,70,2,24,500,165,31.4,997.6,13.6,0,"S",1.6
20,2016,9,26,13,52,52,2,43,1200,47,19.425,1010,18.2,0,"NE",1.4
21,2015,5,28,20,77,110,28,41,900,173,27.2,999.9,13.5,0,"SW",3.1
22,2015,7,17,19,44,53,4,36,1000,104,25.1,1001.5,20.4,0,"NE",0.8
23,2015,5,8,2,18,49,2,57,400,38,14.4,1006.2,2.3,0,"NE",0.8
24,2016,10,2,7,169,169,4,57,1200,27,16.1,1010.8,11.7,0,"NE",0.7
25,2013,11,25,7,4,7,9,16.0134,300,37,3.4,1015.3,-13,0,"NW",4.6
26,2015,2,8,13,8,8,12,14,400,83,0,1029,-27.1,0,"SW",1.5
27,2014,3,1,14,3,5,8,12,400,80,11.6,1016.7,-20.3,0,"NW",1.7
28,2016,5,9,1,28,38,9,25,400,83,18,1007.1,8.5,0,"S",1.9
29,2015,3,8,11,244,244,60,77,2000,40,8.4,1017.8,-5.8,0,"NE",3.1
30,2017,1,11,15,7,5,12,63,1100,21,6.4,1019,-11.8,0,"SW",1.5
31,2015,9,27,4,79,122,2,106,1100,2,15.5,1009.5,12.8,0,"NE",1
32,2014,9,12,18,63,68,8,66,500,67,22.1,1010.4,15.4,0,"SW",0.9
33,2017,1,15,0,30,60,17,62,600,25,-3.5,1033,-8.3,0,"SW",1.4
34,2015,3,17,8,306,306,9,79,2200,7,7,1016.8,4.1,0,"SE",1.3
35,2016,5,29,2,67,89,10,37,800,91,20.4,1001.2,13.8,0,"SW",0.9
36,2013,3,3,23,103,138,36,128,2799,5,7.1,1016.7,-12.2,0,"N",0.4
37,2016,7,22,13,91,91,2,35,1100,175,29.5,996.6,23.7,0,"S",1.3
38,2014,12,22,1,65,120,40,80,1500,2,-4,1018,-16.3,0,"W",1.4
39,2014,12,14,1,156,220,60,113,3500,2,-4,1023,-15,0,"E",0.5
40,2016,11,23,14,29,42,11,32,500,43,3.3,1028.5,-17,0,"W",2.1
41,2015,10,14,15,83,86,16,62,900,96,20.9,1011.9,6.8,0,"E",1.1
42,2014,10,30,14,187,205,34,118,1500,19,15.6,1017.3,5.5,0,"SE",0.9
43,2015,11,20,19,99,99,20,48,2700,3,1,1024.5,-0.2,0,"E",1.9
44,2015,3,24,22,138,157,36,107,1800,51,10.7,1026.2,-3.8,0,"SE",2.1
45,2015,7,21,9,132,132,2,49,1300,19,24.3,1002.4,22.6,0,"SE",0.9
46,2015,8,10,13,22,47,2,18,500,213,33,1005.1,20.2,0,"NE",1.7
47,2016,1,28,18,58,58,27,65,1100,45,-0.7,1025.8,-17.4,0,"SE",0
48,2014,9,6,6,119,119,4,76,1400,2,20.7,1008.5,20.4,0,"E",0.6
49,2013,5,5,2,124,244,26,139,1300,2,14.6,1012.6,7.9,0,"NE",1.3
50,2014,10,15,8,97,158,6,82,1200,2,19,1009.9,-0.4,0,"NW",4.2
51,2014,12,1,12,4,15,8,14,400,65,-4,1026,-23.7,0,"NW",6.4
52,2015,6,19,19,21,28,6,29,900,89,22.4,1007.4,14.3,0,"E",0.9
53,2014,2,27,23,43,40,26,93,1200,2,0,1024.2,-12,0,"W",1.6
54,2016,7,25,6,53,53,2,49,1100,20,25.2,998.7,24.5,1.5,"E",1.5
55,2015,5,26,8,99,159,31,68,1100,67,25.2,1003.3,14.9,0,"W",1.7
56,2013,12,22,23,312,371,121,164,4800,10,-6,1027.4,-11.5,0,"E",0.8
57,2014,7,22,8,9,84,2,51,500,7,28.4,1003.1,15.3,0,"NW",1.8
58,2015,6,23,23,119,160,12,38,1000,150,28.1,1002.1,17.9,0,"SW",2.3
59,2016,7,20,19,3,5,2,31,600,53,21.9,994.7,21.2,18.3,"NE",4.8
60,2015,7,27,13,69,102,3,32,1000,230,31.7,1000,22.7,0,"SE",2.2
61,2014,8,23,2,122,251,3,128,1600,2,22.6,1002,21.6,0,"SE",1.3
62,2015,5,24,4,120,165,14,94,1500,21,18.7,1003,14.2,0,"E",1.1
63,2016,2,10,2,95,95,35,69,1900,16,-2.7,1016.2,-12,0,"NE",1.2
64,2015,1,27,0,13,35,6,25,300,57,-5,1033,-24,0,"N",2.3
65,2015,11,8,10,52,52,6,41,600,37,2.8,1022.5,-1.6,0,"N",1.6
66,2016,10,23,12,27,27,6,27,500,37,13.9,1019.5,0.5,0,"SE",1.5
67,2013,7,4,15,15,24,6,20,300,197,37.1,987.1,14.4,0,"E",2
68,2015,8,27,1,13,23,2,41,600,41,22.8,1005.3,17.7,0,"NE",1.3
69,2013,4,29,0,11,52,3,55,400,44,15.1,1010.3,-6.5,0,"W",0.9
70,2016,1,9,11,26,31,12,51,900,31,-1.5,1021.8,-15,0,"SE",0.7
71,2016,9,24,21,222,265,6,69,1900,71,22.3,1006,19.5,0,"NE",1.4
72,2016,10,30,21,3,6,2,11,200,53,7.8,1028.2,-11.6,0,"N",4.8
73,2014,5,30,20,85,199,34,44,900,254,27.7,1003.3,14,0,"E",1.5
74,2016,12,4,0,538,633,13,142,6700,10,1,1013.5,-0.2,0,"NE",1.6
75,2016,9,28,6,10,10,2,34,200,15,12,1024,-0.3,0,"NE",1.9
76,2016,12,7,8,70,92,17,79,2700,4,-2.8,1021.6,-7.9,0,"SE",0.5
77,2014,12,13,22,107,137,46,90,1500,3,-1,1024,-17.3,0,"N",0
78,2014,5,3,14,46,186,12,24,100,120,21.8,1004.2,0.9,0,"NW",2.3
79,2016,7,4,20,106,106,10,34,1000,191,28.5,1003.9,19.2,0,"SE",3.1
80,2016,7,10,6,124,124,2,37,900,43,27.1,999.5,23.6,0,"SE",0.7
81,2013,3,12,22,163,137,28,94,2399,14,4.1,1018.7,1.6,0,"NE",0.9
82,2015,7,4,17,37,37,7,38,800,112,23.3,1004.4,12.3,0.2,"SW",1.6
83,2013,9,15,9,14,14,4,47,500,23,22.8,1012.4,3.3,0,"N",1.3
84,2016,11,7,0,106,172,11,76,1100,2,7.8,1021.6,0,0,"S",0.8
85,2016,7,27,19,124,134,2,28,1200,230,32.8,995.8,25.6,0,"S",1.6
86,2015,3,21,10,14,65,11,19,300,71,14.2,1016.4,-19.7,0,"N",3.1
87,2016,1,9,8,25,25,9,70,1100,8,-9.3,1021.6,-16.3,0,"E",0.6
88,2016,12,7,22,149,178,26,101,2100,3,5.9,1016.7,-2.5,0,"SW",2.7
89,2015,10,15,15,105,113,18,79,1100,143,25.2,1011.2,7.8,0,"SW",2.1
90,2015,1,19,8,42,65,26,86,1700,4,-7,1024,-15.7,0,"E",1
91,2013,8,23,18,15,41,6,24,600,131,29.1,1003.6,15.2,0,"S",0.6
92,2014,6,29,18,35,52,11,19,1100,227,32.4,1000.1,15,0,"SW",1.7
93,2016,5,19,6,97,105,19,56,700,99,18.9,1010,10.7,0,"SE",1.3
94,2014,9,10,5,64,141,8,109,1600,2,16.8,1009.6,15,0,"NE",0.9
95,2014,3,23,6,142,184,39,111,2100,3,5.1,1022.3,-3.5,0,"E",1.4
96,2015,1,30,11,13,27,20,21,500,68,-1,1034,-21.2,0,"NW",4.4
97,2015,8,24,2,14,14,2,24,500,43,21.8,1007.3,17.8,0,"N",1.6
98,2015,7,17,9,17,24,2,42,800,28,21.3,1004.2,19,0.3,"NE",1.8
99,2014,5,8,21,62,112,22,59,1000,106,18.3,1009.7,4.5,0,"SE",2.1
100,2016,10,28,22,15,29,2,45,400,17,6.5,1029.2,-0.9,0,"NW",0.8
101,2014,10,22,16,87,142,12,68,800,13,13.3,1015.5,7.5,0,"E",1.3
102,2013,5,29,14,7,17,3,14,200,106,30.4,1003.8,-2.2,0,"W",3.9
103,2015,10,27,2,3,23,4,20,100,45,10,1014,-7.7,0,"W",1.9
104,2015,11,4,10,217,242,18,120,2700,6,10.1,1020.1,5.1,0,"E",1
105,2017,1,10,12,5,6,2,12,300,57,2.2,1026.75,-19.4,0,"NW",5.3
106,2016,7,1,0,29,29,2,22,400,83,27.2,1000,12,0,"E",2.5
107,2015,11,16,17,53,53,18,83,1200,31,8.1,1015.3,-1.2,0,"SW",2.7
108,2013,12,5,0,93,115,49,66.9278,2100,6,4.8,1017.1,-6.4,0,"N",0.7
109,2016,4,8,14,17,64,2,18,200,101,22.8,1007.7,-10.5,0,"SW",5.5
110,2016,9,9,3,32,62,4,75,600,2,19.2,1003.6,14.7,0,"NE",1.2
111,2016,1,21,15,136,136,34,65,2200,23,-3.7,1027.8,-9.9,0,"E",2.2
112,2014,1,12,9,25,45,34,57,1000,16,-0.6,1034.9,-21.4,0,"N",2.7
113,2014,2,24,15,325,387,138,151,4500,9,7,1021,-2.5,0,"E",2.1
114,2016,3,25,10,16,35,4,31,300,60,10.4,1026.5,-11,0,"N",2.1
115,2015,1,21,17,15,15,11,26,400,77,3,1024,-17.8,0,"NW",3.2
116,2013,11,4,12,29,46,17,53,700,29.3454,17,1023.5,-3.2,0,"SW",2.4
117,2014,2,14,9,195,197,62,88,3900,4,-2.5,1024,-6.5,0,"NE",1.2
118,2017,2,5,18,11,13,4,16,300,80,7.7,1018.4,-18.2,0,"N",2
119,2016,3,22,15,83,206,30,70,1300,50,14.6,1017.7,-1.9,0,"SW",2.8
120,2015,7,20,11,79,79,2,44,1200,35,25.2,1004.5,22.1,0,"NE",1.7
121,2013,11,30,23,23,33,28,54.6098,600,6,0.2,1022,-12.5,0,"NW",0.4
122,2015,9,9,17,8,15,2,19,400,67,22.5,1015.8,14.9,0,"NE",2.6
123,2015,11,1,13,38,41,12,63,800,32,16.8,1018.3,-3.4,0,"W",2.6
124,2015,4,6,11,15,22,2,10,200,77,7.3,1028.8,-12.5,0,"NW",2.4
125,2016,8,18,17,54,54,2,47,1600,88,22.8,996.8,21.8,0.4,"N",1.6
126,2016,8,30,13,33,46,6,25,700,203,31,1001.1,13.3,0,"S",1.7
127,2017,1,22,22,56,65,32,80,1600,6,-5.325,1031.75,-18.2,0,"NE",1.4
128,2016,8,4,1,95,95,2,41,1500,99,29.5,1005.8,23.9,0,"S",1.2
129,2014,9,3,6,12,12,2,47,500,14,18.6,1007.6,15.3,0,"NE",0.7
130,2013,8,31,1,31,62,6,100,800,1,16.6,1007.7,14.1,0,"E",0.5
131,2015,10,14,17,108,127,21,95,1500,66,20.5,1011.9,9.1,0,"SE",0.8
132,2015,11,15,4,261,261,21,74,3400,3,6,1014.1,5.4,0,"E",0.8
133,2013,6,5,22,168,177,8,45,2100,9,18.9,1008.7,17.6,0,"E",2
134,2014,5,29,23,53,162,10,146,1300,56,25.4,998,13.3,0,"NE",0.6
135,2013,6,26,22,143,135,14,51,1399,138,26.3,993.3,23.6,0,"NE",1
136,2013,3,15,16,237,271,91,107,1800,59,12,1012.8,-0.2,0,"SW",2.1
137,2013,4,5,12,33,7,23,23,600,59,13.3,1013.5,-4.9,0,"NW",4.5
138,2014,5,4,1,29,72,2,17,200,76,10.9,1013.9,-7.4,0,"NW",5.1
139,2015,9,22,22,45,45,2,36,900,49,18,1006.1,16.2,0,"NE",1.1
140,2016,10,14,1,262,266,10,107,3000,2,13.4,1015.2,12.6,0,"NE",1.1
141,2014,5,18,12,80,123,32,73,800,132,28.2,1003.7,9,0,"S",1.8
142,2015,6,28,12,197,197,16,29,1800,166,28.7,1002.5,22,0,"E",1.9
143,2017,1,27,2,5,5,7,18,500,72,-1.85,1030,-15.5,0,"NW",0.8
144,2015,4,28,19,36,58,6,33,600,156,23,1007.6,10.1,0,"SE",0.6
145,2016,8,20,18,58,85,2,35,1000,283,30.8,1002.4,21.3,0,"S",1.5
146,2014,2,11,4,112,116,44,91,4000,3,-10.3,1024.8,-14.9,0,"N",0.8
147,2014,3,24,20,189,200,66,107,1600,77,13.7,1007.1,3.7,0,"E",1.1
148,2016,8,25,19,6,16,2,31,300,55,26.3,1009.7,6.3,0,"NE",1.7
149,2014,1,23,9,200,232,143,120,4600,4,-2.3,1013.7,-13.5,0,"E",1.3
150,2015,10,25,11,31,49,15,45,800,22,12.2,1024.9,-3.6,0,"S",1.4
151,2014,10,19,1,395,465,10,203,4300,2,13.9,1010.8,11.9,0,"NE",1.1
152,2014,5,3,10,60,114,21,55,500,49,21.7,1005.4,2.4,0,"S",4.4
153,2017,1,14,9,3,29,14,66,700,21,-4.8,1029,-20.9,0,"NE",2.9
154,2014,11,3,21,43,90,8,90,700,17,11,1016,-2.8,0,"W",1.4
155,2014,10,10,1,396,396,2,149,2800,2,13.5,1017.7,13.2,0,"E",0.7
156,2013,4,23,18,225,230,29,85,1500,40,14.1,1007.9,6.4,0,"E",0
157,2016,9,14,18,108,114,13,37,900,188,28.425,1010,17.3,0,"SW",2
158,2015,3,22,13,8,16,2,15,200,91,11.8,1024.9,-21.5,0,"SE",1.7
159,2015,8,10,0,65,105,2,40,1100,95,25.8,1005.8,23.5,0,"E",1.1
160,2013,4,16,7,58,129,36,95,1300,16,12.3,1002,1,0,"NE",1.5
161,2016,6,14,22,20,20,2,27,500,75,18.4,998.8,14.5,0,"N",1.5
162,2014,1,27,4,96,102,59,65,1700,2,-5.8,1013.4,-7.9,0,"NE",0.6
163,2016,10,25,20,140,168,6,76,1500,2,12.5,1011.5,9.5,0,"W",1
164,2015,6,19,13,31,44,7,25,800,92,21.7,1006.4,15.5,0,"E",3.5
165,2016,4,25,1,52,99,14,25,400,95,20.1,1004.6,9.9,0,"SW",2
166,2014,11,4,21,177,217,23,127,2400,2,5,1008,2.5,0,"E",0.1
167,2013,9,15,15,26,34,15,31,700,95,25.1,1008.5,8.1,0,"SE",2.9
168,2013,9,22,2,31,48,5,71,500,37,19.8,1011.7,16.2,0,"E",1
169,2015,1,15,15,460,502,64,176,5500,5,0,1019,-7.1,0,"E",2
170,2016,10,25,23,138,164,8,71,1800,2,10.9,1013.6,9.5,0,"NE",0.9
171,2016,3,20,23,92,131,28,87,1500,71,12.2,1021.1,-4.5,0,"SW",1.1
172,2015,5,22,0,35,74,17,32,800,105,20.6,1006.2,6.5,0,"SW",4.3
173,2015,6,3,13,29,29,2,20,400,119,30.9,1007.9,-1.8,0,"E",2.1
174,2015,1,27,19,30,54,15,69,800,15,-6,1029,-22,0,"NW",0.5
175,2013,8,4,15,100,124,7,24,1100,263,34,992.9,23.4,0,"S",2.3
176,2016,8,21,5,64,92,4,101,1400,2,23.5,1004.7,21.6,0,"NE",0.8
177,2016,9,13,19,65,65,4,36,1200,148,25.7,1012.2,17.4,0,"S",1.2
178,2015,2,16,8,246,246,57,98,5700,17,-2,1014,-6.6,0,"NE",0.8
179,2015,4,25,18,50,140,19,32,600,177,29.9,1005.9,3,0,"SW",5.3
180,2013,5,29,19,19,96,3,52,400,105,26.3,1003.5,3.5,0,"SW",3
181,2015,9,15,1,83,123,15,70,1000,56,16.1,1016.4,13.6,0,"E",1
182,2017,2,26,18,30,45,5,30,500,76,11.8,1018.7,-8.7,0,"SW",3.2
183,2015,10,17,23,350,350,12,178,3200,5,12.8,1015.9,11.7,0,"N",0.7
184,2015,6,3,1,38,134,10,30,500,85,20.9,1010,11.5,0,"SE",1.8
185,2016,2,23,7,8,10,8,27,300,57,-2,1033.8,-18.6,0,"NW",2.6
186,2016,2,26,13,38,62,14,27,700,76,6.4,1018.9,-16.3,0,"SW",3.9
187,2013,6,13,1,85,72,22,22,700,118,19.3,1004.3,15,0,"E",1
188,2013,9,15,19,15,34,12,52,600,64,21.9,1009.3,9.8,0,"S",1.2
189,2016,5,22,12,52,107,9,34,500,164,27.7,1013.6,8,0,"S",1.2
190,2014,7,18,12,147,183,25,36,2200,162,31.6,1002.8,23.4,0,"E",0.5
191,2017,2,5,14,3,6,4,11,200,88,8,1016.5,-18.8,0,"NW",4.7
192,2013,10,9,5,83,106,9,39,1300,1,11.8,1008.7,11.2,0,"NE",1
193,2016,1,16,3,112,112,59,80,3300,8,-2.9,1017.3,-9.2,0,"SE",1.2
194,2014,9,13,8,88,180,5,80,1500,2,22.5,1011.5,15.1,0,"S",1.5
195,2016,5,30,19,110,175,25,42,1100,278,32.6,996,16.8,0,"S",1.7
196,2016,8,26,12,6,14,2,8,200,83,28.3,1012.8,8.6,0,"E",1.4
197,2014,11,13,2,8,11,3,39,400,38,-1,1024,-10.9,0,"N",0.6
198,2016,11,2,12,118,156,15,102,1700,11,9.5,1021.8,-2.8,0,"SW",1.9
199,2014,10,20,20,256,256,3,84,1800,33,15.9,1018.2,12.1,0,"S",1.9
200,2015,1,18,20,13,229,2,17,300,76,2,1015,-16.5,0,"NW",5.9
201,2015,4,28,14,44,51,8,28,600,124,23.4,1008,10.4,0,"W",1.3
202,2014,5,28,18,30,108,6,39,300,175,33.5,992.3,7.5,0,"SW",6.6
203,2016,5,8,21,35,59,9,23,400,125,21.3,1006.4,8.5,0,"SW",3.2
204,2014,7,5,12,113,113,9,26,1000,183,30.3,1003,20.5,0,"S",2.9
205,2015,12,22,20,391,391,31,164,6700,9,-1.1,1022.7,-1.1,0,"E",1.1
206,2016,6,24,22,6,23,2,25,300,82,27.7,1002.8,4,0,"NW",2.2
207,2016,2,19,22,5,8,2,17,200,66,0.1,1029.9,-20.3,0,"NE",2.2
208,2013,8,14,14,73,82,6,4,900,184,33,998.7,25,0,"SW",2.8
209,2013,12,4,3,154,168,37,97.9281,3300,7,-0.2,1016.5,-7,0,"NE",1.2
210,2015,6,5,11,59,59,5,42,7000,90,25.6,994.7,12.1,0,"E",2.4
211,2014,9,24,8,12,36,2,29,600,4,19,1013.7,15.5,0,"NE",2.1
212,2015,3,2,8,141,150,42,85,3800,11,0,1008.6,-8.5,0,"E",1.3
213,2015,8,30,9,38,56,4,26,1300,54,21.8,1008.3,18.4,0,"E",1.7
214,2014,3,17,17,24,324,6,17,200,79,18.2,1008.5,-5.8,0,"NW",6.5
215,2016,10,12,4,53,70,5,56,800,4,12.5,1021.4,8,0,"E",1.4
216,2014,12,21,18,17,50,11,61,500,16,0,1021,-18.7,0,"W",2.6
217,2014,11,28,14,73,154,22,70,1100,47,9,1014,-5.3,0,"SW",1.1
218,2014,10,12,1,6,6,4,28,300,59,14.7,1024.1,5.5,0,"N",1.8
219,2015,9,2,5,6,6,2,12,300,35,20.5,1009.5,16.5,0,"N",1.1
220,2014,7,12,20,11,37,2,31,400,151,29.6,997.7,9.7,0,"SW",1.4
221,2016,9,26,21,86,86,2,60,1600,13,18.7,1009.5,18,0,"S",0
222,2015,9,28,17,45,45,7,58,1500,43,17.8,1020.6,14.7,0,"E",0.8
223,2016,5,20,15,96,96,30,26,1000,275,28.6,1011,7.8,0,"SE",2.8
224,2017,2,3,2,235,263,61,121,4300,9,-3.4,1021.7,-14.8,0,"NE",1.4
225,2017,2,24,23,10,27,12,62,600,22,4.5,1021.5,-12,0,"W",0.5
226,2015,11,10,5,138,138,4,64,1400,5,5.1,1024.9,2.6,0,"E",0.6
227,2013,7,21,1,111,46,9,17,1300,108,25.8,1000.7,19.9,0,"S",0.6
228,2016,11,7,20,6,21,2,45,500,18,8.3,1029.4,-7.5,0,"N",2.2
229,2014,2,12,8,103,92,56,78,1900,4,-4.1,1029.5,-15.4,0,"NE",2.4
230,2016,10,21,7,47,47,2,30,700,26,11.5,1016.6,7.4,0,"W",0.8
231,2016,12,12,13,224,224,39,80,2300,18,5.2,1019.2,-4.1,0,"NE",1.8
232,2015,7,31,4,12,13,2,25,600,68,21.6,1003.6,20.8,5.2,"NW",1.5
233,2015,2,23,11,33,63,27,31,700,40,1.9,1018.8,-17.1,0,"W",1.5
234,2015,9,27,22,57,95,2,130,1300,9,20.7,1012.2,15,0,"N",0.8
235,2014,7,18,17,83,83,7,20,900,209,33.7,1001.3,22.5,0,"SW",2.2
236,2016,9,18,2,16,16,2,39,600,15,17.9,1016,16.6,0.3,"N",1.5
237,2016,2,15,22,11,89,2,17,300,68,1.4,1019.7,-16.5,0,"NW",4.4
238,2014,9,8,0,130,130,6,87,1400,63,24.9,1005.6,4.1,0,"NW",3
239,2017,1,19,1,79,107,32,83,2100,3,-1.925,1025.5,-10.6,0,"SE",1.5
240,2015,9,10,4,3,6,2,37,300,26,19,1018.2,12.3,0,"NE",0.5
241,2015,3,6,15,210,216,67,72,1700,79,8.8,1011.9,-10.7,0,"S",2.7
242,2013,3,3,5,90,109,77,102,3100,5,-5.2,1018.5,-11.6,0,"NE",0.9
243,2016,7,6,20,53,68,3,31,900,217,31.1,1005.9,15.5,0,"S",1.3
244,2016,4,30,3,243,243,5,164,2300,3,14.5,998.8,12.2,0,"NW",0.4
245,2017,2,11,3,12,15,5,42,500,29,0.5,1025.6,-20.5,0,"N",1.9
246,2016,1,28,21,129,138,58,125,3100,12,-4.5,1027.7,-15.2,0,"E",0.9
247,2015,1,7,14,66,89,51,58,1700,46,3,1026,-19.7,0,"S",0.6
248,2015,3,9,3,12,27,2,10,200,71,-0.1,1029.2,-26.2,0,"N",5.1
249,2015,12,9,2,268,268,24,93,4500,2,1,1023.3,1,0.1,"NE",1.1
250,2014,4,25,9,139,178,33,118,1800,4,20.7,1013.8,10.5,0,"NW",1.6
251,2016,4,12,7,56,68,6,68,900,7,6.9,1004.5,3.9,0,"NE",1.5
252,2014,7,29,22,80,229,3,30,800,158,23.6,999.7,22.4,12.5,"SW",0.9
253,2017,1,10,22,84,119,28,90,1400,4,-1.425,1026,-11.8,0,"SW",1.6
254,2013,12,24,4,423,505,125,157,8000,23,-6.5,1031.4,-12,0,"NE",1.2
255,2016,1,21,7,83,83,27,64,2400,6,-6.9,1029.3,-9,0,"E",0.9
256,2014,6,18,11,31,31,3,20,500,101,28.3,998.9,15.2,0,"E",2.5
257,2015,12,7,17,187,187,40,114,3500,2,1.6,1027.8,-1.8,0,"E",1.2
258,2013,9,29,2,271,236,12,136,1600,1,16.5,1010.3,13.8,0,"N",2.7
259,2013,3,21,14,158,166,51,78,1300,50,8.4,1002,-2.3,0,"N",2.2
260,2014,7,5,15,73,73,3,17,800,213,30.5,1001.2,21,0,"S",2.5
261,2016,10,17,17,50,71,4,40,500,91,20.1,1014.9,4.9,0,"SE",2.3
262,2015,11,1,20,105,125,14,111,1100,9,13.3,1017,0.3,0,"W",2.6
263,2014,3,11,10,242,320,152,124,4300,4,7.6,1013,-1.6,0,"NW",1.3
264,2013,10,7,3,164,144,8,37,2600,14,13.7,1017,13.5,0,"NE",0.9
265,2013,6,20,4,101,215,24,114,1899,3,25.2,1001.3,18.4,0,"NE",0.5
266,2015,12,13,12,144,166,52,99,3400,7,2.6,1023.8,-4.2,0,"E",1.4
267,2013,7,31,14,65,99,13,18,1000,233,32.5,993.9,22.6,0,"SE",2.7
268,2016,1,28,8,131,131,47,97,2600,10,-6.1,1026.1,-17,0,"NE",1.5
269,2013,10,19,4,261,166,38,82,1900,1,13.6,1020.4,5,0,"NW",3.3
270,2016,10,30,7,74,139,3,49,1400,2,1.4,1019.5,-0.2,0,"E",1.1
271,2013,9,25,23,23,59,7,93,700,3,12,1014.3,5.8,0,"NE",1
272,2014,8,26,0,28,86,7,82,700,46,20.6,1008.7,14.9,0,"W",0.2
273,2017,2,7,20,104,125,18,72,1700,6,-0.5,1026,-6.9,0,"NE",1.3
274,2014,6,27,23,29,60,9,71,600,103,27.4,1002.6,13,0,"W",2.3
275,2016,4,30,17,85,157,13,29,1000,245,29.1,995.2,15.2,0,"SE",2.9
276,2014,4,18,8,120,150,10,58,1300,2,15.4,1016,11.6,0,"E",0.5
277,2013,8,23,6,77,63,6,72,900,2,23.9,1006.1,22.2,0,"NE",1
278,2014,7,29,23,66,91,2,16,800,155,23.4,999.5,22.2,6.7,"S",0
279,2015,9,30,2,24,24,2,56,600,3,13.7,1021.5,12.4,0.5,"NE",1.2
280,2013,8,24,4,70,151,13,96,1300,1,20.7,1005.8,19,0,"NE",0.8
281,2013,4,25,19,3,31,3,30,400,88,18.1,1008.3,-10.8,0,"NE",1.2
282,2013,6,4,17,78,28,18,37,1300,74,20.1,1007.4,16.5,0,"NW",0.8
283,2013,12,5,3,141,190,120,76.7822,4200,5,5.5,1018.6,-8.1,0,"NE",1.8
284,2016,4,10,1,40,160,17,35,800,54,10,1011.9,-10.8,0,"SW",1.3
285,2015,7,6,4,70,70,5,52,700,58,19.2,1007.2,17.2,0,"E",1.2
286,2015,7,25,1,68,102,2,83,1800,27,24.5,997.5,20.4,0,"SE",2.4
287,2013,12,2,1,161,199,58,99.9811,3600,7,-2.3,1016.1,-8.6,0,"S",0
288,2014,1,15,1,110,126,76,90,2000,3,-6.5,1029.4,-13.6,0,"NE",1.3
289,2014,8,1,15,104,104,4,13,1100,217,32,1000.8,22.4,0,"SW",1.8
290,2016,5,23,5,70,122,20,87,1300,17,20.5,1007.5,9.4,0,"SE",1.7
291,2013,6,17,5,22,22,5,19,600,68,21.3,999.4,17.3,0,"NE",1.2
292,2014,4,4,7,37,125,16,63,600,21,8.7,1010.1,-2.9,0,"N",1
293,2015,7,11,22,43,78,6,60,800,117,27.6,1000.7,18.9,0,"SE",0.9
294,2015,10,5,2,180,183,4,126,1800,2,13.7,1016.8,12.9,0,"E",0.9
295,2014,7,6,12,200,201,23,45,1700,150,30.2,1000.3,22.6,0,"S",1.6
296,2013,8,8,0,17,2,10,46,600,22,25.2,996.6,19.8,0,"NW",0.9
297,2014,2,28,9,54,58,31,62,1500,4,0.7,1024.9,-4,0,"E",2.4
298,2015,1,31,9,13,27,22,52,700,29,-5,1036,-23.5,0,"N",1.7
299,2014,8,8,4,48,76,11,50,800,65,21,1005.4,17.6,0,"E",1
300,2013,4,17,9,53,78,17,74,800,48,11.5,1007.3,-3.5,0,"SE",3.5
301,2013,9,5,1,18,18,1,34,500,75,17.8,1011.1,17.2,2.8,"NW",2
302,2016,10,23,23,49,68,5,63,900,11,11.125,1017.5,2.7,0,"SW",1.5
303,2016,1,21,23,161,161,33,74,3500,10,-6.8,1033.3,-9.4,0,"E",0.9
304,2016,8,25,15,3,6,2,14,300,79,29.4,1008.4,9.5,0,"NE",3.9
305,2015,11,14,2,261,261,17,95,4300,6,7.2,1013.5,5.5,0,"NE",1.2
306,2015,6,15,14,99,125,32,30,1500,265,30.5,1001.3,15.4,0,"S",3.2
307,2015,3,20,11,32,169,2,23,300,80,16.9,1015.7,-16.3,0,"NW",3.1
308,2014,9,26,10,118,128,20,80,1700,11,20,1006.7,15.6,0,"SE",2
309,2013,7,10,5,37,20,3,47,900,2,22.8,1000.8,22,0.1,"N",0.5
310,2014,7,13,14,18,18,2,7,300,140,34.6,996.3,11.1,0,"E",1.5
311,2017,1,16,2,109,119,15,72,1800,9,-3.275,1028,-8.1,0,"NE",1.5
312,2013,11,15,22,106,190,30,103,1700,3.4272,4.6,1011.4,-3.2,0,"N",1.7
313,2013,11,4,14,44,62,14,39,500,62.3322,17.9,1022.1,-3.6,0,"SW",2
314,2017,1,28,17,238,286,63,56,2700,20,1.7,1016,-7.9,0,"NE",1.3
315,2016,9,15,18,113,148,9,28,1000,214,28.8,1008.4,19.1,0,"SW",1.7
316,2014,11,6,15,8,8,2,15,200,80,11,1027,-13.9,0,"NE",2.1
317,2016,7,22,1,69,69,2,52,1100,18,24.4,997.2,23.7,0,"E",0.9
318,2017,1,6,20,233,253,26,140,4900,4,1.5,1021.3,-2.8,0,"NE",0.6
319,2014,9,7,17,107,141,21,23,1200,201,27.5,1001.8,18.5,0,"S",1.5
320,2014,8,19,0,64,99,14,41,1300,132,23.8,1007.5,18,0,"W",1.1
321,2015,2,27,18,44,56,22,39,900,42,2,1027,-9.3,0,"S",2.3
322,2016,12,3,18,382,470,35,150,4300,7,3.4,1014.5,-1.6,0,"E",0.9
323,2014,7,21,21,8,40,4,47,400,58,30.8,1000.6,14,0,"N",1.6
324,2014,12,31,14,9,72,7,12,300,69,-1,1026,-25.2,0,"NW",6.9
325,2017,1,10,10,10,10,4,28,500,40,0.066666667,1028,-17.8,0,"NW",4.3
326,2014,4,6,14,32,80,6,26,1000,128,24.4,1010.3,-6.9,0,"SW",5.3
327,2017,2,9,12,8,11,3,8,300,76,-0.4,1024.4,-22.5,0,"NW",5.8
328,2014,2,1,2,158,167,77,59,1600,4,1.8,1014.2,-3.5,0,"NE",0.9
329,2013,3,16,2,279,288,74,129,2600,59,6.4,1018.3,-0.8,0,"N",2
330,2015,1,16,4,490,490,14,123,6100,5,-3,1023,-7.7,0,"NW",3.5
331,2016,6,11,9,4,5,2,11,300,84,25.8,1004.3,9.6,0,"NW",3.4
332,2016,10,14,8,199,206,7,72,2100,2,13.6,1017.3,13.1,0,"E",0.5
333,2014,5,22,0,133,246,30,111,1600,51,23.6,1000.7,16.1,0,"S",1.2
334,2015,8,12,18,61,130,6,28,900,226,33.9,999.4,19.6,0,"SW",3.9
335,2015,6,19,16,24,39,3,27,900,58,20.5,1007.2,15.1,0.2,"NE",1.2
336,2015,11,11,3,165,165,14,60,2400,4,5.6,1025.9,4.9,0,"NE",0.8
337,2013,6,27,1,265,165,13,65,1200,70,23.9,992.8,20.6,0,"N",1.1
338,2013,7,5,19,7,32,6,34,500,185,32.2,994.6,13.9,0,"S",1.2
339,2014,7,26,16,66,84,19,13,1100,276,34.3,1002.9,17.1,0,"SW",3.7
340,2014,7,31,17,148,148,4,25,1300,234,29.8,1000.3,22,0,"SE",2.1
341,2016,4,14,5,43,149,2,29,200,62,14,1009.4,-4.7,0,"NE",1.8
342,2016,10,5,20,87,103,3,54,1400,23,16.6,1015.7,14.8,0,"NE",1.3
343,2016,6,22,1,42,42,2,27,700,114,23,999.8,18.3,0,"E",1.6
344,2013,12,30,21,80,122,38,93,1200,6,3.6,1010.8,-17.9,0,"W",2.5
345,2013,7,12,17,50,47,3,7,900,162,30.7,1000.8,22.6,0,"SW",1.4
346,2015,10,27,10,14,56,4,56,700,7,11.7,1012.6,-4.1,0,"NE",1.1
347,2017,1,13,3,16,13,12,20,100,61,0.05,1018.5,-16.9,0,"NE",4
348,2013,10,23,2,42,14,10,48,700,5,7.1,1018.1,3.7,0,"NE",2.1
349,2015,4,16,9,7,36,2,12,300,77,14,1010.4,-14.1,0,"NW",6.8
350,2013,10,19,15,22,23,8,14,300,52,17.6,1020.7,-1.6,0,"NW",5.1
351,2015,5,14,16,24,40,2,26,400,121,25.4,1002.2,1.5,0,"W",1.9
352,2014,7,8,7,133,133,6,70,1200,21,26.9,998.1,21.9,0,"NE",1.7
353,2015,9,26,19,49,86,13,52,800,128,23.4,1008,10.1,0,"S",1.2
354,2014,9,24,16,9,20,2,15,400,103,23.5,1010.5,14.8,0,"S",3.1
355,2013,7,16,7,11,11,7,16,500,56,26.9,994.9,15.6,0,"NW",3.4
356,2015,3,31,6,160,160,18,45,2300,52,13,1006.1,9.4,0.1,"E",1.3
357,2013,11,29,2,22,40,22,59.537,1200,2,0.2,1019.6,-13.5,0,"W",1.1
358,2016,1,18,19,12,44,2,41,400,39,-8.7,1024.4,-24.4,0,"N",2
359,2015,3,25,6,121,121,37,96,2400,5,1.2,1026.8,-2.7,0,"NE",0.2
360,2013,7,2,14,3,11,3,15,400,110,35.3,991,14,0,"W",4.8
361,2015,8,26,4,8,17,2,36,500,33,22.3,1005.6,17.2,0,"NE",1.4
362,2016,9,14,16,79,79,10,22,700,209,29.35,1010,17.6,0,"SW",3.8
363,2013,4,9,1,11,42,3,14,300,90,6.6,1012.1,-10.7,0,"NW",5.3
364,2013,3,20,6,30,6,4,24,700,41,-5.1,1021.7,-5.6,0,"SW",0.5
365,2014,11,27,1,490,580,29,146,6400,2,2,1018,0.8,0,"W",0.7
366,2016,7,9,19,71,71,2,23,800,182,33.7,998.4,20.8,0,"SW",3.3
367,2016,11,18,10,183,334,29,79,4200,6,7.3,1011.5,2.8,0,"NE",1.3
368,2014,11,26,20,373,444,34,145,4200,2,3,1016,0.6,0,"E",1.3
369,2017,1,20,4,4,10,4,17,300,61,-6.7,1031.25,-22.3,0,"NW",3
370,2014,12,22,4,86,146,56,80,2300,2,-6,1020,-15.3,0,"E",0.6
371,2013,7,15,4,71,37,4,24,1700,15,23.5,998.1,23.3,9.7,"E",1.3
372,2015,6,21,0,39,66,4,58,700,119,26.7,1005.6,12.4,0,"SW",2
373,2015,11,4,17,238,238,25,122,1600,35,13.2,1018.2,4.9,0,"N",0.9
374,2013,3,6,22,234,257,140,158,3700,14,8.3,1009.3,-3.6,0,"SE",1.8
375,2015,6,26,10,84,84,2,24,900,131,23.8,997.3,19.9,0,"N",1.2
376,2013,12,23,5,356,430,138,134,6200,15,-8.3,1026.7,-13.7,0,"NE",1.6
377,2014,10,1,2,85,157,7,76,900,2,12.1,1014.3,5.7,0,"NE",1
378,2013,8,14,4,44,51,3,46,800,15,24.6,1000.7,23,0,"E",0
379,2014,4,16,5,41,86,9,83,700,2,12.7,1011.5,2.2,0,"N",0
380,2016,3,6,14,103,244,48,77,1800,39,9.9,1010.6,-8.7,0,"NE",1.3
381,2016,12,22,4,43,43,11,42,900,40,4.5,1018.7,-9.3,0,"NW",4.6
382,2015,8,25,5,8,8,2,20,400,40,22.3,1006.6,16.6,0,"NE",0.9
383,2014,5,1,11,152,202,36,44,800,137,25.3,1003,15,0,"S",3.1
384,2014,2,8,4,78,48,27,42,1400,18,-3.6,1020.3,-4.9,0,"E",1
385,2013,10,3,11,92,141,91,65,3400,35,18.8,1015.6,9,0,"E",2.5
386,2016,4,23,8,14,32,2,49,300,35,15.2,1012.3,-9.7,0,"NE",1.6
387,2013,5,18,9,125,131,39,37,1000,54,21.8,1003.9,14.7,0,"SW",2.1
388,2016,10,19,17,293,293,7,65,2200,55,18.7,1010.9,15,0,"E",1.1
389,2014,5,24,12,77,77,2,49,1200,44,19.8,1003.4,19.3,0,"E",1.4
390,2014,4,18,5,123,110,10,68,1200,2,12,1014.6,10.7,0,"E",1
391,2015,6,4,23,53,53,7,43,8000,70,19.4,996.5,13.6,0,"W",1.5
392,2015,6,13,4,7,13,3,30,400,63,21.3,997.2,13.7,0,"NE",1.9
393,2016,1,4,13,16,16,2,18,400,71,0.3,1025.7,-15.7,0,"N",4.1
394,2015,7,23,5,29,29,2,67,800,4,21.5,1000.9,21.2,0,"E",0.9
395,2015,11,26,14,13,13,8,18,500,64,-2.8,1027.1,-16.5,0,"NW",2
396,2015,3,11,13,9,11,9,24,400,74,8,1019.2,-21.9,0,"E",3.3
397,2016,12,30,10,116,122,25,79,3100,7,-3.8,1027.5,-11.5,0,"E",1.5
398,2015,4,19,21,96,147,14,55,1000,51,14.4,1011.5,6.7,0,"SW",3
399,2017,1,27,18,70,104,19,25,700,69,1.433333333,1022.666667,-16.2,0,"SW",2
400,2013,5,31,18,126,154,50,40,1200,212,27.1,997,15.5,0,"SW",2.4
401,2015,7,28,11,31,31,2,44,1000,68,25.6,1000.4,22.9,0,"E",0.7
402,2016,4,21,20,39,91,2,26,200,91,23.7,999.4,-9.8,0,"NW",2.1
403,2013,6,20,1,57,134,13,103,1500,48,26.1,999.8,17.2,0,"NE",1
404,2013,11,6,23,3,42,1,11,200,46.6956,9.5,1018,-9.1,0,"NW",3.7
405,2016,7,18,17,92,92,2,49,1300,129,26.1,1002.7,22.4,2.9,"W",1.4
406,2014,11,4,10,95,157,19,90,1300,5,9,1013,0.2,0,"N",1
407,2015,2,5,19,51,77,20,59,700,63,4,1025,-15.3,0,"W",3.4
408,2013,12,1,23,120,138,40,85.8154,1900,3,1.7,1016.9,-8.4,0,"E",1.4
409,2016,12,19,4,340,352,22,122,6000,11,-3.5,1020.3,-5.8,0,"NE",0
410,2015,10,12,9,12,40,9,61,600,14,18.9,1019,0.5,0,"SW",0.9
411,2013,12,23,11,72,98,56,80,1900,14,3.8,1027.7,-14.5,0,"NE",2.8
412,2016,3,7,6,41,65,16,68,1000,18,5.1,1015.5,-12.4,0,"NE",1.4
413,2015,5,10,4,32,55,11,44,2900,25,12.2,1012.1,3.7,0,"E",0.9
414,2015,3,1,16,19,24,7,23,400,84,11.5,1012.4,-17,0,"SW",5
415,2014,8,16,11,100,146,30,42,1900,159,30.2,1004.4,18,0,"W",1.8
416,2014,3,5,10,3,17,15,41,700,38,5,1025.8,-20.4,0,"SW",3.4
417,2016,2,3,1,29,29,16,73,1000,20,-5,1024.2,-17.2,0,"NE",0.9
418,2014,11,14,2,42,69,18,83,1300,2,0,1018,-7.1,0,"E",0.8
419,2016,11,21,22,12,23,2,15,400,56,-3.4,1033.8,-17.4,0,"NW",4.7
420,2014,5,26,12,15,66,4,33,300,131,33.2,994,5.7,0,"SW",2.5
421,2014,1,16,6,566,616,85,135,6900,8,-3.3,1023.2,-6.3,0,"NE",1.1
422,2016,10,7,5,48,48,2,39,1800,3,12.4,1017.2,11.5,2.1,"E",1.1
423,2013,3,22,14,68,137,28,43,1100,76,9.9,1013.4,-6.5,0,"SW",5.3
424,2016,7,26,12,18,25,2,27,500,119,31.5,999.7,17.8,0,"NW",1.2
425,2015,10,4,3,62,119,2,86,1200,2,12.7,1019.1,11.4,0,"NE",0.6
426,2014,5,4,2,30,36,2,16,100,78,10.4,1013.6,-7.8,0,"NW",2.5
427,2016,4,23,18,36,51,3,30,300,92,19.9,1008.3,-9.4,0,"SW",2.5
428,2015,8,13,2,115,152,8,42,1200,91,26.5,1001,21.5,0,"SE",1.3
429,2014,9,30,12,12,45,10,37,500,32,14.5,1021.9,-1.6,0,"SW",2.2
430,2017,1,29,1,287,326,63,72,4500,5,-2.825,1018.25,-5.4,0,"NE",1.2
431,2014,12,21,21,43,93,24,76,1000,2,-1,1021,-18.6,0,"NW",1
432,2015,1,30,7,10,28,24,28,400,55,-5,1032,-22.5,0,"N",3
433,2013,12,28,21,24,38,20,58,600,20,-1.3,1020.4,-21.4,0,"W",0.9
434,2013,4,21,14,119,123,38,39,1100,109,17.6,1011.4,1.5,0,"SW",3.7
435,2016,10,19,5,154,163,5,53,2500,2,15.9,1012,14.4,0,"E",0.8
436,2015,3,21,21,15,45,4,86,600,16,13.5,1015.3,-18.9,0,"NW",1
437,2016,8,28,7,11,22,2,54,400,6,20.9,1009.8,13.6,0,"E",1.2
438,2016,6,24,13,12,12,2,11,300,101,32.9,1000.3,4.6,0,"NW",3.7
439,2013,3,24,16,10,17,7,20,400,96,9.5,1014.1,-15.9,0,"SE",1.2
440,2015,1,31,5,18,19,15,38,500,40,-5.3,1035.2,-22.8,0,"NE",2.6
441,2014,5,23,2,69,158,17,57,800,116,24.9,1005.9,12.1,0,"S",1.4
442,2013,11,6,0,256,290,11,114,3600,4.0698,4,1014.3,3.3,0,"N",0
443,2015,6,21,7,58,108,8,83,1100,33,22.9,1005.8,16.9,0,"E",0.8
444,2015,1,18,21,12,74,2,19,300,75,2,1018,-16,0,"NW",2.5
445,2015,8,13,16,92,118,10,18,1100,284,34.5,997.3,20.8,0,"SW",2.7
446,2014,12,30,4,20,20,29,57,700,19,1,1014,-14.7,0,"NE",1.5
447,2013,4,13,10,138,263,53,119,1399,16,23.1,998.1,0.8,0,"N",3.6
448,2013,12,6,19,118,122,42,91.7691,1900,4,1.4,1015.1,-5.7,0,"E",0
449,2015,5,17,7,124,173,10,40,1000,66,19.9,996.9,14.9,0,"S",1.4
450,2015,10,23,0,28,35,3,69,800,2,9.2,1017.1,7.3,0,"NW",0
451,2013,8,11,22,60,11,3,62,1300,19,25.4,1000.1,24.2,0.1,"SE",2.6
452,2015,11,11,13,93,93,6,58,1600,8,6.4,1026.8,2.5,0,"E",1.5
453,2013,5,14,10,25,116,8,17,300,79,26.3,1005.2,0.8,0,"NE",2.3
454,2016,2,25,7,15,33,8,58,600,20,-4.2,1030,-15.8,0,"N",1.5
455,2015,3,31,11,169,169,19,78,3800,17,10.8,1011.6,9.4,0.6,"E",1.6
456,2014,11,23,9,102,144,48,86,2200,2,3,1021,0.4,0,"N",0
457,2015,11,22,8,79,79,21,50,1900,3,-1,1032.1,-1.7,0.8,"E",1.5
458,2015,6,27,12,110,113,11,35,1100,95,26.6,1001.7,20.4,0,"NW",0.9
459,2016,12,2,2,150,171,63,93,2100,6,-0.4,1028.5,-8.4,0,"NE",1
460,2016,8,9,6,43,63,3,96,1000,2,22.2,1005.3,19.4,0,"NE",1.1
461,2014,3,28,23,191,210,26,121,3000,2,11.7,1007.4,8.9,0,"NE",0.7
462,2017,1,21,9,6,18,6,22,400,58,-2.725,1026.5,-21.7,0,"NW",3.8
463,2015,10,21,21,74,88,9,59,1500,4,10.7,1022.3,9.1,0,"SE",0.8
464,2013,11,29,16,68,85,26,58.3052,900,41,9.3,1012.8,-13.9,0,"SW",2.6
465,2017,2,1,10,5,5,6,13,400,65,-0.8,1035.8,-23.6,0,"NE",3.3
466,2014,1,1,15,20,66,11,17,300,64,11,1010.4,-12.5,0,"W",4
467,2013,11,7,7,12,15,5,41,400,9.8532,6.3,1019.1,-5.7,0,"SE",0.5
468,2014,7,11,4,48,110,7,93,900,8,23.1,995.8,18.2,0,"NE",1
469,2015,10,15,19,125,126,14,129,1500,80,16.9,1012.1,10.7,0,"SE",0.4
470,2013,5,3,23,87,152,21,61,1100,110,17.3,1013.2,5.6,0,"SW",2.3
471,2014,4,30,14,94,135,28,26,700,221,27.6,1003,9.4,0,"SW",4
472,2013,3,21,11,3,119,41,74,1399,20,5.4,1004.9,-2.9,0,"NW",1.8
473,2014,1,9,4,13,31,7,2,400,59,-4.6,1028.7,-25.4,0,"N",2.2
474,2014,5,28,8,42,125,12,117,700,6,27.3,999.5,7.2,0,"E",1.3
475,2014,8,23,22,159,206,7,61,1700,106,21.8,1002.7,19,2.8,"W",3.8
476,2013,9,2,0,47,84,3,101,900,35,18.8,1010.3,18.3,0,"W",0.6
477,2013,11,3,10,9,20,12,23,300,40.0554,16.4,1020.4,-2.7,0,"NW",8
478,2016,3,23,8,3,42,2,26,1100,63,8.2,1029,-12.9,0,"NE",3.1
479,2016,1,12,13,7,18,4,16,400,66,-1.9,1026.9,-23.1,0,"NW",2.9
480,2014,1,23,15,205,254,149,112,2800,10,2.6,1009.2,-11.4,0,"E",1.3
481,2015,4,29,14,111,111,14,28,1200,204,25.8,1007.4,13.6,0,"S",2.9
482,2016,4,25,17,103,103,4,21,300,163,27.1,1006.9,5.4,0,"SW",4.1
483,2014,9,24,22,55,82,5,64,1200,41,18.8,1013,15.3,0,"SW",2.3
484,2015,8,20,17,19,42,2,21,500,171,32.8,1000.7,13.4,0,"SW",2.6
485,2013,8,4,10,100,24,11,32,1100,117,31.2,996.7,20.5,0,"W",0.6
486,2013,7,20,9,163,101,16,47,1400,74,29.5,1000.9,19.5,0,"NE",1.9
487,2014,9,2,12,28,28,2,30,1100,66,21.2,1005.9,20,4.5,"NE",1.2
488,2015,9,6,0,16,16,2,39,600,57,18.9,1008.4,14.4,0,"NW",2
489,2014,2,24,18,389,463,125,174,5300,3,4.7,1022.2,-2.4,0,"S",1.1
490,2015,8,5,17,51,64,4,12,1000,203,31.7,996.9,20.6,0,"S",2.3
491,2013,11,15,5,116,171,15,83,3000,3.8556,1.3,1014.6,-3.8,0,"NE",1.6
492,2015,6,11,20,11,11,2,33,400,77,23,993.1,9.4,0,"E",0.9
493,2014,3,3,9,218,281,173,97,6400,2,1.4,1018.9,-3.9,0,"E",1.9
494,2013,4,16,0,53,115,46,51,1500,63,10.2,1000,-0.6,0,"NE",1.4
495,2015,2,16,4,250,250,90,85,3500,16,0,1015,-7.5,0,"W",1.1
496,2015,5,13,20,143,243,7,139,1300,128,24,991.7,14.1,0,"W",0.7
497,2014,4,18,18,144,102,16,32,1300,131,16.3,1015.3,4.3,0,"S",1.5
498,2013,12,11,1,3,6,4,16.424,400,44,-0.1,1019.1,-18.3,0,"NW",5.1
499,2015,1,13,2,156,189,61,103,4400,2,-3.4,1030.1,-8.5,0,"NE",0.9
500,2013,11,26,10,9,15,13,20.53,400,39,6,1015,-17.3,0,"NW",1.6
501,2015,5,30,20,68,125,10,37,800,161,26.2,1000.6,15.3,0,"S",2.1
502,2013,4,9,16,15,15,3,22,300,97,10.6,1016.4,-9.2,0,"NW",5.9
503,2016,6,6,1,53,54,6,55,600,38,20.6,1006,14.9,0,"E",1.2
504,2015,3,6,13,220,221,77,97,2300,34,7.2,1013.9,-10.1,0,"SW",1.8
505,2017,1,23,6,18,25,17,58,900,10,-8.925,1032,-18.3,0,"NE",1.3
506,2015,5,2,22,52,52,2,40,600,105,21,1005.4,11.9,0,"SW",2.4
507,2015,7,22,5,54,54,2,48,900,26,21.3,1000,20.5,0,"SE",0.7
508,2016,2,16,10,9,33,4,19,300,67,3.9,1018.7,-15.4,0,"NW",4.2
509,2014,7,31,14,198,198,12,36,1800,230,30.6,1001.6,21.9,0,"SE",2.9
510,2016,8,14,16,21,39,4,18,500,208,34.5,1001.5,17.3,0,"S",2
511,2014,5,4,9,28,47,4,13,100,82,14.6,1013.3,-14.6,0,"N",6.3
512,2014,3,27,21,103,218,44,107,2300,2,11.4,1005.1,4.1,0,"SE",0.5
513,2015,5,25,0,76,123,20,35,900,170,27.3,1000.5,10.1,0,"SW",4.2
514,2016,5,25,11,5,25,2,20,300,97,23.5,1003.1,4.4,0,"NW",3.5
515,2014,12,2,1,6,10,5,34,400,35,-6,1030,-24.3,0,"N",2.1
516,2014,9,7,20,116,165,20,47,1500,153,23.8,1003.7,19.7,0,"W",0.1
517,2015,8,28,17,5,9,2,9,300,138,32.5,1000.7,11.6,0,"NE",1.6
518,2014,3,28,21,177,210,35,117,2900,16,14,1006.8,9.4,0,"E",0.8
519,2016,1,15,12,66,82,26,68,1600,29,1.3,1013.9,-15.7,0,"SE",1.2
520,2017,1,23,17,42,68,15,47,800,39,-0.325,1029,-18,0,"E",1.3
521,2013,6,22,8,108,76,6,57,900,25,21.2,1005.7,19.8,0.9,"NE",0.9
522,2014,2,21,23,237,285,72,118,3600,3,-0.7,1024.8,-4.2,0,"NE",1.3
523,2017,2,13,6,171,176,38,104,4600,2,-4.3,1026.1,-11.8,0,"SE",0.6
524,2014,7,22,17,10,27,14,30,600,50,28.6,1002,15.5,0,"NW",2
525,2014,6,27,22,30,60,5,81,700,97,27.1,1002.3,13.4,0,"W",1.5
526,2014,1,26,17,56,84,49,38,800,54,1.7,1019.7,-10.5,0,"S",2.2
527,2016,9,25,2,246,274,6,80,1700,21,20.975,1008,18.3,0,"NE",0.9
528,2013,11,11,0,16,22,7,39,500,26.1324,4.4,1026.5,-11.7,0,"NE",1
529,2015,3,23,4,51,127,9,68,1000,6,1.3,1025.8,-7,0,"NE",1.3
530,2015,2,7,23,8,65,3,11,300,84,-5,1030,-27,0,"N",4.3
531,2013,12,6,16,240,287,72,146.9948,3100,10.4958,7.7,1014,-7.2,0,"S",1.4
532,2015,6,30,23,26,52,2,50,500,60,22.3,993.3,14.7,0,"SW",1.6
533,2014,2,21,9,242,242,88,87,2100,3,0.2,1025.2,-3.4,0,"E",1.5
534,2016,7,19,19,113,113,2,57,1400,44,24.3,1003,22.9,0,"NE",1.4
535,2013,7,5,16,19,22,6,18,300,181,35.3,993.2,15.1,0,"W",1.6
536,2016,11,18,0,183,270,37,79,5000,7,6.5,1015.5,0.2,0,"E",0.9
537,2017,1,27,12,47,55,18,19,700,66,1.6,1029,-15.4,0,"SW",5.1
538,2013,5,14,23,36,94,7,128,900,41,20.6,1008.7,5.8,0,"NE",1.2
539,2016,5,22,10,38,104,7,32,500,124,25.5,1015.2,8,0,"N",1.9
540,2013,10,18,14,229,245,77,127,2400,18,17.6,1019.2,4.9,0,"S",1.3
541,2014,1,27,7,93,115,107,82,2100,3,-5.2,1013.2,-9.1,0,"E",1.1
542,2015,8,23,16,8,12,2,9,500,116,23.3,1005.9,16.6,0,"E",1.5
543,2016,11,22,17,11,26,4,29,300,41,-1.1,1033.4,-17.3,0,"NW",3
544,2016,6,28,1,61,61,2,48,600,63,21.2,1001,17.8,0,"N",1.1
545,2016,9,4,2,58,107,5,92,900,18,23.4,1005.2,18.3,0,"SE",1.8
546,2015,11,8,19,102,102,4,92,1300,2,4.8,1021.2,1.6,0,"W",1.8
547,2014,6,5,12,50,69,15,23,800,182,31.7,1000.2,14.8,0,"W",2.3
548,2016,6,13,20,54,54,2,35,700,87,19.5,997.6,17.5,0,"NE",1.5
549,2014,1,2,3,160,252,92,103,4800,12,-3.5,1015.3,-10.4,0,"E",1
550,2015,4,22,11,54,78,6,34,500,92,23.1,1014.4,-2.5,0,"SW",4.5
551,2014,3,7,17,28,42,11,43,400,57,6.4,1023,-19.2,0,"S",2
552,2015,5,15,0,31,56,2,39,400,65,20.9,1007.9,2.7,0,"NE",1.7
553,2015,3,15,22,120,260,35,92,1100,50,12.8,1010.7,-8.4,0,"S",1.8
554,2013,8,24,13,20,34,6,25,600,131,34.3,1004.6,11.4,0,"NE",1.4
555,2015,11,3,6,191,223,25,108,3300,8,3,1018.8,2.4,0,"NE",0.7
556,2015,1,6,7,8,16,30,35,500,38,-5,1023,-23,0,"NE",1.2
557,2013,8,21,3,140,62,1,56,1600,10,24.2,1004.3,23.7,0,"NE",0
558,2014,6,12,23,39,92,8,51,800,72,25.5,1002.7,17.7,0,"SE",1.3
559,2015,1,5,1,253,300,118,121,5200,2,2,1010,-7.6,0,"W",1.4
560,2015,3,18,17,52,87,11,44,600,102,12.8,1008,-9,0,"SW",2.3
561,2016,10,28,23,21,26,2,59,500,2,5.7,1029.1,-1.7,0,"NW",0.6
562,2015,2,22,9,35,212,3,16,300,57,-4,1022,-23.7,0,"NW",7
563,2016,4,3,0,4,26,2,20,100,64,13.6,1020.1,-15.3,0,"N",2.2
564,2016,9,5,8,35,35,2,38,600,52,21.8,1007.5,16.1,0,"NE",2.4
565,2016,7,5,8,140,140,7,46,1500,37,25.8,1007.5,18.5,0,"E",0.7
566,2016,11,26,16,174,374,22,97,1700,21,6.4,1014.6,-5.9,0,"SW",0.7
567,2013,8,21,12,149,113,1,69,1600,48,29.4,1004,21.9,0,"SE",1.3
568,2014,10,8,7,207,229,4,100,1400,2,12.8,1016.8,11.2,0.6,"NW",2.5
569,2015,8,30,16,19,21,2,21,1000,105,21.8,1007.3,17.2,0,"S",1.5
570,2014,5,5,3,83,120,6,85,1000,2,5.6,1014.4,-1.8,0,"NE",1.3
571,2016,11,27,1,310,462,12,122,4500,7,-0.3,1016.7,-2.7,0,"E",0.8
572,2014,4,14,8,238,254,30,82,1900,4,15.7,1014.5,9.8,0,"E",2
573,2016,4,15,18,78,173,24,47,900,158,21.4,1003.9,5.3,0,"W",1.8
574,2017,2,28,7,15,15,10,36,500,43,8.4,1016.2,-12.1,0,"NW",2.3
575,2016,7,13,10,21,21,3,26,600,85,30.3,1000.9,19.7,0,"NE",2.1
576,2015,5,5,23,10,39,2,41,300,65,20.2,1004.4,-7.3,0,"NE",2.1
577,2014,2,11,9,72,70,75,71,2000,2,-6.5,1025.7,-15.7,0,"N",1
578,2014,4,13,3,146,148,26,59,2000,27,10.2,1012.8,4.6,0,"E",0.6
579,2015,1,18,1,236,283,79,124,4800,4,-1,1018,-12.9,0,"NE",1.2
580,2014,3,24,10,240,283,80,111,2300,17,14,1010.8,3.2,0,"SE",1.5
581,2013,10,25,21,77,116,9,144,2000,3,6.5,1021.8,3.1,0,"N",1.2
582,2016,4,19,14,93,98,45,70,2100,44,14.8,1011.9,4.5,0,"E",2
583,2014,4,9,23,93,331,38,61,1500,83,16.5,1016.5,4.5,0,"S",1.9
584,2016,8,1,12,47,49,3,23,1000,93,30.2,1005.7,23.6,0,"E",1.1
585,2017,1,8,19,17,17,7,36,500,42,5.4,1017.3,-11.3,0,"NW",2.9
586,2013,9,3,11,76,127,11,60,1200,70,26.1,1012.9,18.5,0,"E",2.3
587,2017,2,28,12,3,13,2,13,200,82,12.9,1015.4,-14.9,0,"NW",3.3
588,2016,7,6,12,85,85,6,25,900,221,32,1007.7,17.1,0,"SW",2.1
589,2015,2,27,9,16,20,14,39,700,39,-1,1030,-16.8,0,"S",0.4
590,2015,3,12,21,93,101,30,115,1900,12,6.1,1012.8,-12,0,"W",1
591,2015,5,8,12,80,127,22,38,1200,102,20.8,1004.5,6.7,0,"E",4.4
592,2014,10,10,8,290,290,2,88,2100,2,15.1,1020.1,14.5,0,"E",1.2
593,2016,12,23,5,14,24,7,30,500,35,-4,1025.5,-15,0,"NE",1.4
594,2013,8,18,8,7,9,3,34,300,28,29.4,1005.4,14.8,0,"NE",2.1
595,2014,3,29,15,24,71,2,2,300,115,21.7,1006.7,0.8,0,"NE",2.3
596,2013,4,28,19,64,69,31,74,1399,91,19.2,1007,-5.7,0,"N",2.5
597,2016,5,27,23,26,61,9,30,400,101,23.3,1004.1,6.1,0,"SW",3.7
598,2016,5,12,21,23,73,8,78,400,41,14.7,1013.8,1.6,0,"SW",0.5
599,2016,11,13,5,57,68,8,54,1500,2,7.2,1015.1,3.1,0,"E",1.4
600,2015,1,23,11,201,221,80,110,3000,8,0,1013,-11.1,0,"SE",1.1
601,2014,5,6,20,108,196,39,58,1300,99,18,999,7.1,0,"E",2.4
602,2016,2,15,6,7,24,4,17,300,58,-3.6,1023.6,-19.1,0,"NW",3.9
603,2015,7,1,19,26,26,2,48,500,32,25.5,995.6,16.4,0,"NW",1.9
604,2015,6,27,6,37,37,2,34,600,39,21.5,999.8,18.7,0,"NE",1.2
605,2016,7,3,4,79,79,8,49,1000,58,25.9,1001.7,17.8,0,"S",1.1
606,2017,1,22,12,12,12,8,26,600,51,-3.525,1032.75,-21.1,0,"NW",1.9
607,2016,7,22,7,64,64,2,63,1200,8,24.5,997.7,23.8,0,"SE",0.2
608,2014,9,8,12,3,15,2,4,300,92,27.7,1006.2,5.3,0,"N",0.7
609,2015,4,17,10,72,201,14,95,1000,16,17.3,1006.1,-0.9,0,"NW",0.9
610,2013,3,14,0,65,106,30,65,1300,93,1.6,1026.8,-5.6,0,"S",3.3
611,2016,5,30,22,106,152,24,61,1500,153,28.4,997.6,17,0,"SE",1.2
612,2015,12,13,13,186,204,71,119,4300,9,3.7,1022.9,-4,0,"NE",0.6
613,2015,4,17,22,112,227,42,94,1300,60,18.5,1005.2,5.3,0,"SE",1
614,2016,2,23,15,12,12,6,13,200,86,2.4,1033.3,-24.2,0,"N",3.8
615,2014,9,9,20,47,89,10,55,800,139,21.3,1006.8,15.8,0,"E",1.2
616,2015,2,18,23,127,136,48,37,900,52,3,1029,-12.9,0,"SW",3.9
617,2014,1,26,4,19,46,24,16,700,49,-1.5,1029,-7.4,0,"SE",1.1
618,2013,8,4,21,13,13,3,19,700,131,21.9,995.7,20.2,0.9,"SE",1.3
619,2016,3,7,17,8,57,2,15,200,88,8.6,1018.6,-19.3,0,"NW",6.1
620,2014,12,7,10,79,107,41,72,2500,7,0,1023,-4.3,0,"E",0.9
621,2016,7,10,15,33,33,4,10,500,169,35.9,996.3,20.2,0,"SW",3.4
622,2014,3,24,7,214,244,35,99,2000,2,8.4,1012.3,2.6,0,"E",1.1
623,2015,8,15,5,24,50,2,51,600,26,23.2,1000.9,16.3,0,"N",1.8
624,2013,11,4,22,88,122,13,91,1600,2.5704,6.3,1021,0.6,0,"NE",0.8
625,2013,4,14,12,61,208,30,47,1000,80,14.6,1006.6,-3.3,0,"SW",2.4
626,2014,6,12,20,30,111,5,30,600,179,28.7,1001.8,16.3,0,"NE",1.2
627,2016,3,23,5,16,16,4,29,300,45,6.3,1027.1,-10.5,0,"NE",2.1
628,2013,7,10,19,25,20,3,85,1000,14,23.8,1001.6,22.1,0,"NW",0.2
629,2014,12,16,20,4,47,3,30,400,49,-3,1024,-22.3,0,"E",1
630,2013,10,26,11,60,61,34,51,800,30,15.5,1018.8,-2,0,"SW",1.1
631,2016,8,26,20,19,45,2,53,500,82,26.4,1010.2,7.9,0,"SW",1.8
632,2013,8,30,10,4,7,1,22,300,46,24.5,1009.5,7.6,0,"NE",2.5
633,2013,3,26,13,213,223,60,72,1399,48,12.2,1008.1,-2.8,0,"SW",4
634,2014,8,9,23,9,22,2,26,600,115,21,1000.2,18.9,0.1,"NW",1.8
635,2016,12,23,15,14,25,8,33,500,47,4.4,1025.3,-13.5,0,"SE",1.1
636,2013,11,10,13,12,22,7,16,300,74.1132,9.5,1021.6,-20.7,0,"NW",4.5
637,2014,12,12,2,6,51,8,11,200,59,-1,1026,-19.6,0,"NW",5.9
638,2016,4,23,11,20,23,2,13,100,84,18.3,1011.7,-11.6,0,"NE",2.3
639,2014,6,9,15,24,33,13,32,600,164,28.7,998.9,8.9,0,"E",0.3
640,2015,2,24,1,205,240,44,88,2200,7,-3,1013,-8.9,0,"NE",2.1
641,2014,4,26,12,42,98,4,18,200,62,20.2,1016.4,0.6,0,"W",1.3
642,2013,11,4,15,37,45,8,29,400,63.4032,17.4,1021.9,-3.4,0,"SW",1.4
643,2017,2,27,15,107,107,19,64,1300,66,15.7,1014.1,-7.2,0,"SW",2.7
644,2016,9,1,14,3,15,2,8,300,86,25.9,992,9.7,0,"E",2.3
645,2013,4,30,23,24,216,8,67,600,44,14.8,1013,-3.1,0,"E",2.6
646,2014,4,9,20,65,431,8,42,600,98,21.1,1012.6,1.9,0,"SE",3.2
647,2013,3,6,10,138,170,96,114,2200,35,8.8,1010.4,-6.2,0,"NE",1.1
648,2015,6,2,17,23,31,2,16,200,104,32.5,1002.8,-6,0,"NW",3.1
649,2014,7,5,19,78,85,3,22,800,185,28.8,1001.4,20.8,0,"SW",1.5
650,2016,11,28,12,42,64,21,75,1700,12,5.8,1028,-10.9,0,"SW",1.1
651,2014,6,4,15,44,81,14,26,700,235,29.1,1000.5,12.9,0,"SW",2
652,2016,12,18,19,296,315,27,140,3700,5,0,1019.9,-5.8,0,"SE",0
653,2015,1,2,8,12,20,15,58,600,17,-9,1025,-18.8,0,"N",0.5
654,2013,9,3,20,99,104,20,48,1300,148,24.6,1011.9,17.6,0,"SE",1.6
655,2015,6,16,3,132,189,16,95,1300,50,22.2,999.9,16,0,"E",1
656,2016,4,19,23,66,66,20,62,1000,37,13.3,1011.5,3.6,0,"SW",0.8
657,2014,3,28,12,109,101,28,38,1200,71,20.5,1003,8.2,0,"NE",1.6
658,2015,2,8,6,13,13,8,37,600,46,-8,1035,-27.1,0,"NE",1.5
659,2014,8,4,7,71,92,2,71,1200,2,27.2,998.9,21,0,"NE",2.2
660,2013,8,4,12,81,71,13,40,1100,178,32.7,995.1,21.6,0,"E",1.8
661,2016,8,22,3,70,70,10,33,1300,117,25.2,1007.5,21.3,0,"W",0.7
662,2014,3,31,22,117,131,13,92,1500,28,12.7,1011.4,9.7,0,"E",1.5
663,2014,1,22,23,221,275,131,131,4900,7,-5.1,1017.3,-13,0,"E",1
664,2016,10,25,10,102,144,3,71,1600,2,10.56666667,1012,7.9,0,"NE",1.2
665,2015,2,15,9,314,314,100,124,5900,16,1,1016,-7.3,0,"NE",1.1
666,2016,4,14,23,27,65,6,63,400,33,13.2,1012.6,-0.1,0,"SE",2.2
667,2014,11,21,2,602,628,11,174,6600,3,-1,1014,-1.6,0,"NE",1.2
668,2014,3,10,18,119,147,79,80,1900,45,6.1,1015.4,-3.8,0,"E",1.1
669,2016,10,15,18,189,212,8,92,2300,2,15.6,1017.1,13.6,0,"SW",0
670,2017,2,24,11,24,24,16,34,800,53,8.4,1022.2,-11.6,0,"NE",1.6
671,2013,5,29,1,35,39,5,29,200,43,21.5,1005.1,1.7,0,"NW",3.1
672,2013,8,5,18,58,94,6,46,1000,248,30.5,992.9,20.4,0,"S",1.1
673,2016,4,19,20,70,74,21,55,700,51,14.1,1011.4,4.9,0,"NE",1.5
674,2016,10,4,5,18,41,2,19,700,41,17.8,1011.6,13.1,0,"E",1.8
675,2014,4,16,16,49,135,13,58,500,92,20.5,1006.8,-5.4,0,"SE",1.9
676,2013,8,5,22,41,42,4,44,1000,108,26.9,994.6,24.2,0,"S",1
677,2013,11,7,21,79,112,14,81,1400,3.213,3.8,1016.1,-2.2,0,"E",0.2
678,2016,9,10,2,13,18,2,47,400,19,22,1005.4,13.4,0,"NE",1.3
679,2014,1,26,6,22,52,20,22,700,44,-3.4,1029.5,-7.5,0,"SE",1.2
680,2014,5,12,17,24,86,6,28,300,175,28.1,994.7,8.4,0,"SW",5
681,2015,4,25,15,111,141,8,32,500,185,31.9,1007.3,1.1,0,"SW",3
682,2016,1,13,7,12,16,9,47,600,33,-5.8,1021.1,-24.2,0,"NE",1.5
683,2014,10,13,7,7,7,2,21,200,40,10.7,1026.4,-6.2,0,"NW",2
684,2016,4,23,13,24,24,2,12,100,94,20,1010.3,-11.4,0,"S",1.9
685,2016,10,22,22,13,61,2,47,600,2,9,1021.1,4.6,0,"SE",0.5
686,2017,2,8,8,10,26,8,21,500,56,-0.9,1027.7,-16.3,0,"N",3
687,2014,11,25,5,128,203,20,85,3100,2,-2,1017,-3.4,0,"E",0.7
688,2013,12,6,22,182,219,58,104.703,3800,9,-0.5,1015.8,-4.9,0,"NE",0.6
689,2013,9,16,15,30,39,23,40,1200,100,25,1005.3,13.2,0,"S",1.9
690,2013,5,9,17,55,58,10,37,600,86,18.9,1003.4,11,0,"SE",1.2
691,2015,5,22,1,31,67,14,31,800,96,20,1006.5,7,0,"SW",2.8
692,2013,5,11,23,30,68,6,101,700,2,18.8,993.9,-3.4,0,"SW",0.4
693,2014,6,27,21,25,62,4,67,600,110,26.8,1002.3,13.9,0,"W",1.7
694,2015,1,16,7,13,14,12,22,400,54,-1,1023,-15.3,0,"NW",1.6
695,2015,10,25,18,34,73,9,70,700,7,12,1020.4,-0.9,0,"E",1
696,2016,6,24,2,48,64,2,85,1100,24,21.1,1001.6,16.9,0,"E",1.4
697,2016,12,13,18,18,28,6,60,700,23,0.5,1027.2,-13.9,0,"NE",1.1
698,2013,9,21,9,42,85,8,66,700,9,23.5,1012.8,17,0,"NE",1.3
699,2016,12,20,9,267,267,5,101,6700,9,-2.8,1025.9,-3.3,0,"E",1.4
700,2015,7,29,9,90,101,2,61,1000,59,28.5,998.1,23.9,0,"E",1
701,2015,7,5,14,66,72,29,25,1400,214,28.3,1004.9,12.2,0,"E",2.7
702,2013,9,30,21,106,161,23,131,1800,1,17,1013.8,16.4,0,"E",0.7
703,2014,10,1,12,91,174,9,75,1300,4,13.2,1011.3,8.7,0,"N",1.4
704,2013,7,27,11,109,72,3,34,1500,10,24.9,996.2,24.2,0,"E",1.2
705,2013,3,28,3,12,18,3,26,300,74,5,1016.8,-15.6,0,"E",1.7
706,2015,3,29,5,69,90,10,100,1400,5,7.6,1012.9,-0.1,0,"NE",0.7
707,2013,7,27,4,99,96,12,61,1600,2,24.8,997.2,23.2,0,"N",1.3
708,2014,8,28,16,74.5,117.2,9.6,32.5,900,152.9,25.7,1009.1,19.1,0,"SE",0.9
709,2016,3,16,2,219,250,46,109,1900,11,5.9,1012.4,-1.3,0,"SE",0.9
710,2016,11,25,19,280,345,33,119,2900,4,2.4,1020,-4.1,0,"SW",0.7
711,2015,6,28,20,155,155,16,40,1400,198,28.5,999.9,21.5,0,"SE",1.9
712,2015,8,20,21,47,102,3,35,800,139,27.5,1002.4,19,0,"SW",0.6
713,2016,10,4,15,42,92,4,49,1500,2,14.9,1009,12.6,0.5,"NW",3.5
714,2015,8,25,0,28,39,3,64,700,23,22.5,1007,18.7,0,"NE",0
715,2017,1,22,19,73,99,20,80,1200,13,-1.6,1030,-19.1,0,"SE",2.4
716,2015,6,28,7,143,143,5,33,1000,52,24.1,1004,21,0,"E",1.8
717,2015,12,13,16,223,223,88,132,5100,11,3.1,1021.9,-4.6,0,"SE",0.9
718,2016,1,9,20,101,111,28,108,1700,11,0.6,1020.8,-13.9,0,"W",1.8
719,2014,12,26,10,107,143,69,100,3300,2,-2,1029,-10.3,0,"NE",1.1
720,2016,1,18,1,10,69,2,11,200,73,-6.9,1021.5,-24.6,0,"NW",5
721,2013,6,20,6,127,185,30,90,2299,8,25.7,1002.4,16.8,0,"N",2.1
722,2014,12,20,11,9,42,13,38,700,36,-1,1028,-18.6,0,"NW",1.8
723,2014,5,26,4,9,35,2,78,400,19,15.1,999.8,5.6,0,"W",1
724,2016,1,31,16,8,10,5,20,400,70,1.2,1031.1,-21.9,0,"NW",3.7
725,2016,6,24,0,42,44,2,54,900,63,23.5,1000.3,16.3,0,"SW",0.7
726,2014,2,28,15,78,92,69,50,1000,29,6.1,1019,-6.8,0,"W",2.1
727,2016,10,12,10,76,110,12,58,1500,6,14.5,1022.8,8.7,0,"NE",1.2
728,2015,12,8,20,289,289,28,99,4700,3,1.2,1025.1,0.5,0,"NE",1.2
729,2015,9,14,6,55,103,3,78,1000,2,14.8,1013.9,13.5,0,"E",0.8
730,2014,1,14,22,91,104,61,89,1800,5,-2.6,1029.6,-15,0,"W",2.1
731,2016,10,23,21,43,93,3,60,900,8,11.4,1017.25,3.5,0,"SW",1.8
732,2016,10,3,1,92,92,6,54,1200,8,19.8,1004.8,16.8,0,"SE",1.5
733,2016,9,22,22,142,156,6,104,1600,25,20.85,1009,15.8,0,"NE",1.3
734,2014,3,5,22,44,23,13,56,600,26,4,1024.9,-22,0,"N",2.1
735,2016,11,26,1,345,390,28,107,3400,6,-0.1,1019.1,-2.8,0,"SW",0
736,2013,12,3,16,21,36,12,26.689,400,56,10.4,1017.1,-11,0,"W",0.8
737,2014,7,26,6,139,162,7,37,1700,84,25.6,1004.7,20.4,0,"W",1
738,2016,8,7,2,24,24,2,23,800,61,25.8,1001.2,22.1,0,"NW",2
739,2014,12,28,4,363,439,108,190,7900,2,-1,1018,-8.2,0,"E",1.5
740,2015,9,1,8,5,7,2,32,500,35,19.3,1008.7,17.3,0.2,"NW",1.6
741,2016,1,4,5,13,13,3,20,300,67,-0.8,1024.8,-12.4,0,"N",2.1
742,2016,9,18,19,13,13,2,53,600,11,19.2,1016,14,0,"NW",2
743,2014,8,14,6,30,30,2,55,900,2,19.1,1004.6,16.7,0,"E",1
744,2014,6,21,18,66,78,6,25,1200,188,23,1003.9,13.2,0,"NW",7
745,2014,10,11,10,201,201,5,59,1900,37,16.8,1017.2,15.1,0,"E",1.5
746,2015,6,12,10,5,17,2,17,300,87,25.8,994.3,7.4,0,"NW",5.2
747,2017,2,14,18,198,198,37,97,2400,12,1.5,1025.6,-4.6,0,"E",1.2
748,2013,6,5,7,86,43,3,29,1300,33,18.6,1009.1,18.1,0.1,"NE",0.8
749,2017,1,14,8,18,24,12,61,600,11,-5.6,1028.25,-22,0,"NE",1.5
750,2017,2,26,1,15,28,8,39,600,44,3,1020.7,-8.4,0,"NE",0.6
751,2013,11,3,14,17,33,1,7,100,77.112,18.4,1020.2,-4.3,0,"N",4.2
752,2016,11,2,2,92,147,12,70,1200,2,-0.6,1025.2,-3,0,"E",0.8
753,2014,3,14,5,7,39,6,12,300,73,6.8,1017.1,-18.9,0,"NW",1.6
754,2013,3,4,5,3,6,10,22,300,74,6,1020.1,-14.2,0,"NW",2.4
755,2014,10,8,23,373,374,4,156,3400,2,12.8,1014.7,12.5,0,"N",0
756,2016,10,17,12,27,27,3,22,400,55,20.4,1017.7,2.2,0,"S",1.5
757,2016,6,16,7,19,27,2,54,500,13,21.3,996.3,15.6,0,"NE",1.2
758,2015,1,11,21,92,120,38,89,1500,11,2,1031,-8.2,0,"SW",1.2
759,2014,5,23,1,67,153,14,54,700,126,25.9,1005.6,11.6,0,"S",1.3
760,2016,9,27,9,6,32,2,13,500,46,16.2,1017.25,3.3,0,"NW",5.7
761,2016,8,20,3,46,47,2,48,1400,59,24.1,1005.1,21,0,"S",0.9
762,2015,1,24,12,112,127,47,67,2000,25,3,1022,-9,0,"SE",1.9
763,2016,12,13,17,23,28,6,50,700,32,2.8,1026.7,-13.9,0,"NE",1.1
764,2016,2,9,14,45,45,23,38,1000,85,10.3,1016.7,-13.7,0,"S",2.4
765,2013,8,4,8,131,117,8,64,1300,27,27.5,997.8,23.7,0,"N",1.4
766,2015,5,1,14,80,83,4,20,600,78,19,1005.2,10.3,0,"NW",5.4
767,2016,4,4,6,59,79,8,68,500,21,7.6,1010.3,-0.4,0,"NE",1.6
768,2014,3,28,13,83,92,33,29,900,85,21.8,1002.1,6.1,0,"NE",2.9
769,2017,2,26,20,37,62,6,52,700,46,10.3,1019.4,-8.9,0,"SW",1.9
770,2016,8,22,8,88,88,10,78,1500,26,28.2,1008.9,20.2,0,"SE",1
771,2014,12,18,20,214,261,89,106,4100,2,-2,1023,-7.1,0,"E",0.9
772,2013,12,11,7,8,7,9,28.9473,300,23,-3.5,1017.9,-14.6,0,"W",0.6
773,2016,12,8,17,7,40,4,26,300,60,6.6,1015.1,-15.4,0,"NW",3.7
774,2014,7,2,10,35,35,2,35,1000,89,23.5,999.5,21,0,"E",0.5
775,2013,5,17,1,73,94,26,51,1300,82,18.7,1010.4,10.3,0,"SE",1.1
776,2013,5,5,5,141,252,20,108,1800,2,13.8,1013.7,8.4,0,"NE",1.1
777,2016,4,8,1,9,34,2,22,200,70,14.7,1013.8,-19.3,0,"N",3.5
778,2015,6,14,10,17,28,5,31,600,82,26.5,1005.3,14.6,0,"NW",1.5
779,2016,9,21,9,71,135,6,79,1400,2,18.7,1016.7,14.2,0,"NE",1.3
780,2016,3,9,5,10,10,2,15,300,59,-2.1,1030.9,-22.7,0,"NE",1.8
781,2014,2,2,9,132,127,47,49,2400,8,7.1,1010.5,-10.2,0,"N",5.6
782,2014,7,17,5,105,105,4,54,2600,17,22.8,1001.7,20.7,0,"E",0.6
783,2014,9,27,22,49,134,4,129,1000,2,16,1012.9,12.7,0,"NE",0.7
784,2016,8,8,16,26,26,2,15,600,159,32.8,1004,18.2,0,"S",1.6
785,2013,7,2,5,7,7,3,11,400,82,24.1,990.6,18.1,0,"NE",1.5
786,2016,2,16,20,7,35,5,23,300,66,5,1020.3,-12,0,"NE",2.2
787,2016,5,3,4,34,62,2,54,500,2,11.4,998.5,5.9,0,"W",2
788,2017,1,11,17,108,168,29,103,1800,12,5.625,1018.5,-12.5,0,"SW",1.5
789,2016,9,25,1,250,299,8,95,1900,17,21.475,1007,18.3,0,"NE",1.7
790,2016,9,25,3,245,257,5,77,1600,18,20.775,1008,18.4,0,"NE",0.9
791,2013,5,19,7,72,53,13,37,900,47,18.4,994.9,13.7,0,"S",2.7
792,2013,11,22,16,178,176,52,9.2385,2100,14,9.6,1017.5,-6.3,0,"S",1.3
793,2015,6,3,2,36,105,9,33,500,74,19.4,1010.3,11.4,0,"E",1.1
794,2016,7,20,22,6,6,2,32,700,41,22,996.2,21.3,2.3,"NE",1.6
795,2016,3,5,5,58,374,2,13,200,69,7.8,1015.8,-15.1,0,"NW",4
796,2016,12,25,15,143,160,44,89,2500,4,1.4,1022.9,-5.3,0,"E",0.8
797,2016,9,27,14,3,13,2,9,400,67,20.475,1017.25,2.1,0,"NE",5.6
798,2017,2,19,1,137,172,31,99,2000,2,2.4,1007.2,-7,0,"NE",1.5
799,2014,1,12,12,14,16,22,15,400,59,2.1,1032.2,-22.7,0,"N",2.7
800,2015,11,29,7,240,240,51,108,6100,4,-4.6,1022.1,-5.1,0,"W",0.2
801,2017,2,18,17,74,97,21,30,700,76,8.6,1014.6,-13.1,0,"S",2
802,2014,12,8,18,120,141,50,84,1500,26,1,1032,-13.1,0,"S",1
803,2014,8,8,14,52,52,11,18,900,232,32.1,1003.4,12.3,0,"SW",2.9
804,2016,1,1,23,341,341,38,162,6300,32,-3.2,1017.4,-5.2,0,"NE",1.4
805,2016,7,26,18,14,17,2,16,400,152,33.4,998.3,15.9,0,"E",1.8
806,2013,3,6,0,229,232,124,182,3299,48,5.6,1010.4,-7,0,"NE",0.8
807,2015,10,6,10,265,265,6,49,1600,109,19.7,1014.4,14.7,0,"E",1.1
808,2015,1,29,4,101,113,26,45,1200,27,-4,1023,-7.1,0,"SW",1.7
809,2014,9,6,23,138,187,18,89,1300,73,24.6,1005,19.2,0,"S",1.5
810,2013,8,11,8,281,211,15,44,2000,29,27.4,1003.5,26.7,2,"E",1.4
811,2013,7,28,20,59,3,4,42,600,111,32,996,19.6,0,"SW",1.9
812,2017,2,28,9,11,11,9,42,600,42,10.7,1016.7,-11.4,0,"N",2.3
813,2013,8,22,16,106,119,7,81,1500,54,26.5,1004.5,22.6,0,"E",1
814,2015,7,22,18,46,60,2,25,800,190,29.4,998.3,20.5,0,"S",1.8
815,2014,7,11,20,12,36,5,46,500,146,29.5,996.4,15.6,0,"SE",0.9
816,2015,12,20,19,242,242,21,133,4300,13,-2.8,1020.7,-3.5,0,"N",0.2
817,2014,11,8,19,90,109,10,91,1000,43,7,1021,-0.9,0,"W",1.2
818,2015,3,8,9,245,245,64,110,3600,13,3.4,1017,-2.4,0,"E",1.1
819,2015,3,24,13,72,90,31,53,1400,80,13.3,1027.6,-10.6,0,"SW",1.2
820,2015,7,10,12,24,40,9,17,600,156,29.6,1007.4,17.8,0,"SE",2.6
821,2014,9,2,0,25,25,2,26,1000,84,20.1,1006.6,19.4,3.2,"NW",0.7
822,2014,5,25,19,7,53,2,27,100,98,24.6,1000.7,-0.6,0,"W",2.5
823,2014,8,24,18,8,25,2,17,300,124,28.5,1002.7,15.4,0,"SE",2.3
824,2015,12,9,13,273,273,62,112,3500,5,4,1020.2,1.5,0,"N",1.5
825,2016,11,12,3,78,140,7,61,1900,2,1.6,1014.5,-1.3,0,"NE",0.5
826,2015,5,10,3,33,39,11,44,2800,38,12.1,1012.2,4.3,0,"E",1
827,2015,2,23,17,55,118,14,34,800,71,4,1015,-14.3,0,"SW",1.7
828,2017,2,26,19,32,57,6,36,500,62,10.9,1019.2,-8.9,0,"SW",2.7
829,2015,3,11,9,34,34,18,56,900,30,3.5,1022.7,-20.8,0,"E",3.1
830,2014,12,2,5,10,13,9,43,500,21,-9,1028,-23.8,0,"NE",1.1
831,2014,2,7,1,78,56,49,37,1100,29,-1.9,1026.3,-5.7,0,"SE",1.6
832,2016,9,19,20,15,37,3,91,900,9,17.8,1015.9,13.1,0,"SW",0
833,2014,12,2,10,17,46,13,58,1000,12,-5,1023,-21.6,0,"E",1.6
834,2016,9,13,0,61,61,2,77,900,35,21.8,1013.7,19.4,0,"S",0.5
835,2013,4,4,15,98,164,77,94,2500,32,8,1008.6,0.9,0,"N",3.2
836,2013,7,21,13,103,115,10,10,1100,148,31.6,1000.3,20.5,0,"SW",1.5
837,2014,2,16,6,377,352,96,89,3100,7,-2,1024.1,-6.7,0,"NE",2.1
838,2014,6,29,8,78,157,29,64,2100,35,28.5,1003,17.1,0,"NE",0.9
839,2016,1,24,6,7,53,4,14,300,65,-14.3,1038.1,-30.1,0,"NW",4.4
840,2014,12,3,7,7,28,9,34,400,33,-5,1020,-26.4,0,"NE",2
841,2013,3,22,8,12,24,12,44,500,50,6.7,1016.6,-12,0,"E",2.5
842,2015,7,28,10,49,49,2,68,1100,41,24.6,1000.9,23,0,"NE",1.3
843,2015,12,9,22,353,353,55,139,5100,7,3.3,1019.7,1.8,0,"NE",1
844,2014,12,25,11,29,47,35,43,700,46,3,1031,-14.7,0,"NE",2.1
845,2014,12,5,23,141,176,63,107,2000,2,-6,1021,-17.2,0,"S",0.5
846,2014,10,13,15,13,13,5,22,300,68,16.9,1019.4,-6.9,0,"S",1.1
847,2016,8,6,4,125,125,3,50,1000,43,26.8,1002.9,25,0,"SW",0.2
848,2017,2,4,2,307,312,49,102,3700,6,-0.3,1016,-8.3,0,"E",0.9
849,2013,7,6,20,68,75,27,31,1600,203,31.1,996.9,19.1,0,"SE",2.5
850,2015,2,4,16,8,70,10,23,300,81,6,1025,-15.9,0,"NW",4.8
851,2014,5,20,7,94,94,12,45,900,71,23.7,1001.5,7.7,0,"NE",3.1
852,2013,10,6,7,197,240,22,48,2900,15,14.5,1020.2,14.2,0,"E",2.1
853,2015,5,24,21,82,151,23,59,1300,169,28.1,1001.3,12,0,"SW",1.9
854,2014,12,17,3,9,24,9,35,500,47,-2,1021,-19.5,0,"W",2.5
855,2014,2,16,14,164,124,66,46,1700,80,6.1,1024.8,-9,0,"S",1.8
856,2013,10,24,10,7,23,8,18,400,39,13.6,1023.3,-5.1,0,"W",4.9
857,2016,12,1,20,101,141,24,100,1600,12,2.7,1028.7,-9.6,0,"SW",0.2
858,2016,5,8,19,44,53,14,23,600,153,22.9,1004.9,7.8,0,"SW",4.2
859,2015,8,9,2,99,113,2,34,1000,81,23.7,1007.5,21.8,0,"NE",1.2
860,2013,7,12,22,143,107,14,9,1400,96,26.6,1002.9,23.7,0,"SW",1.2
861,2015,4,8,7,91,133,7,97,1000,4,4.2,1022.4,-3.1,0,"E",0.8
862,2015,1,17,0,12,12,11,34,400,44,-4,1033,-18.3,0,"N",4.4
863,2016,8,14,21,45,104,4,61,1300,99,28.8,1002.6,22.3,0,"SW",0.2
864,2013,10,16,16,26,36,9,27,500,61,18.6,1019,-3.6,0,"S",1.5
865,2013,9,24,17,3,10,7,31,300,59,19.7,1015.4,-2,0,"W",1.3
866,2013,8,1,1,24,24,3,17,800,88,21.6,997.3,21.3,0,"E",2.1
867,2014,9,27,14,8,8,2,17,200,91,25.2,1011,6.9,0,"S",1.2
868,2016,11,16,2,146,236,11,77,3300,6,1.7,1017.6,0.2,0,"E",0.5
869,2014,7,9,15,13,13,2,19,300,109,31.3,998.9,12.6,0,"E",1.4
870,2015,7,19,8,61,61,2,58,1000,8,22,1004.5,21.3,0,"NE",0.8
871,2016,1,28,23,166,184,63,112,3400,12,-2.6,1029,-11.9,0,"SE",1.8
872,2016,6,13,4,66,66,2,24,700,90,20.1,999.4,17.7,0.3,"E",1.5
873,2014,7,19,23,72,86,4,30,900,124,28.2,1003.7,24.8,0.2,"W",1.2
874,2016,6,30,9,70,70,2,52,800,43,25.5,1000.1,19.9,0,"E",1.4
875,2015,2,18,16,21,21,7,22,400,86,10,1023,-15.5,0,"S",0.7
876,2014,9,12,16,49,49,11,47,500,108,23.6,1009.9,14.9,0,"SW",1.7
877,2015,1,5,8,170,226,106,115,4600,2,1,1011,-6.6,0,"NE",1.2
878,2014,3,17,23,17,72,7,33,300,59,14.6,1014.6,-6.9,0,"NW",2.6
879,2014,5,5,5,41,82,5,75,400,2,10.1,1015.4,-7.2,0,"N",1.8
880,2014,2,13,10,172,182,102,74,3500,13,-3.1,1033.1,-10,0,"SE",2.1
881,2013,5,12,8,23,77,6,46,400,32,21.5,996.7,-3.8,0,"E",1.4
882,2017,1,18,11,20,20,7,45,700,37,-1.8,1031.75,-16.8,0,"NE",2.9
883,2014,2,2,10,78,80,39,28,1200,41,7.8,1010.6,-15.1,0,"N",5.5
884,2014,7,4,9,192,192,2,41,1300,90,28.3,1001.2,22.5,0,"E",1.3
885,2016,2,25,13,40,60,17,51,800,48,5.2,1027.2,-17.3,0,"SW",2.7
886,2015,8,3,23,3,5,2,26,400,69,23.9,997.7,13.4,0,"NW",2.8
887,2016,3,19,11,60,118,25,45,1000,57,12.4,1020,-3.9,0,"S",2
888,2013,9,2,3,42,83,3,80,600,1,18,1011.4,16.8,0,"E",0.7
889,2014,10,22,3,49,83,12,73,800,2,8.1,1019.7,4.1,0,"NE",1
890,2015,3,7,10,248,250,62,115,3100,22,6.1,1016.6,-5,0,"E",0.9
891,2014,2,5,22,96,114,71,55,1200,23,-3.3,1024.6,-11.3,0,"E",1.3
892,2013,3,31,19,241,251,34,85,1600,3,6.4,1011.3,2.8,0,"N",0.7
893,2015,4,21,19,26,99,2,21,200,97,22.6,1007,-6.3,0,"N",3.7
894,2013,4,3,4,156,239,32,142,2000,7,4.4,1005.9,-0.6,0,"E",0
895,2015,2,13,19,195,195,40,104,2000,62,3,1010,-11,0,"SE",1.1
896,2016,1,6,0,73,73,21,83,1500,17,-6.5,1025.8,-13.2,0,"NE",1.7
897,2013,6,16,6,139,178,27,104,1300,33,23.1,1000.5,17.8,0,"E",1.8
898,2017,2,9,23,5,35,2,12,200,57,-1.9,1024.2,-19.8,0,"NW",3.5
899,2016,5,5,7,44,63,27,67,1800,32,18.3,1002.1,2.6,0,"E",1.3
900,2015,11,29,3,229,229,64,96,5000,5,-1.2,1023.1,-3.2,0,"E",0.6
901,2015,5,9,11,33,71,15,43,3100,40,14.1,1014.3,3.5,0,"SE",0.7
902,2015,7,2,22,14,41,2,75,400,18,22.2,999.9,11.9,0,"NE",0.2
903,2014,10,21,10,35,35,30,66,1300,10,13.3,1022.1,-4.4,0,"S",1.5
904,2016,8,6,6,131,131,2,40,1100,25,26.5,1003.2,25.5,0,"E",1.1
905,2015,7,24,11,103,129,2,57,1300,79,27.2,998.2,22.4,0,"E",1
906,2015,9,1,7,3,5,2,14,500,50,18.8,1008.4,17.5,0.6,"NW",1.6
907,2016,6,12,15,37,40,7,16,600,206,29.6,1000.4,12.1,0,"SW",1.8
908,2014,12,25,2,18,29,28,65,700,20,2,1027,-13.4,0,"NW",2.7
909,2015,4,1,19,34,41,4,48,700,61,10.4,1011.5,0.7,0,"SE",0.9
910,2014,4,22,7,46,56,8,89,600,3,16.6,1011.7,0.2,0,"NE",0.9
911,2015,12,4,23,118,131,49,94,2300,4,-1.7,1022,-8.2,0,"S",0.6
912,2016,11,13,20,172,298,16,73,3700,4,8.4,1011,5.3,0,"NE",0.6
913,2013,9,23,13,9,18,5,33,400,13,17.4,1015.1,5.7,0,"NW",3.1
914,2014,9,17,8,18,40,4,58,500,19,18.3,1017.5,10.4,0,"NW",1
915,2015,6,8,11,9,9,6,14,300,95,27.2,1001,4.9,0,"NW",4.8
916,2014,9,23,19,36,36,2,61,700,2,17.7,1012.2,17.4,0.2,"E",1.1
917,2013,4,27,21,58,103,30,47,1000,137,17.1,1008.3,4.1,0,"E",1.6
918,2015,8,2,5,36,36,2,28,900,35,23,999.8,22.7,0.4,"E",0.5
919,2016,6,19,23,144,152,14,37,2200,231,29.6,999,19,0,"S",2.1
920,2015,10,23,11,57,57,5,65,900,23,15.3,1014.8,8.5,0,"NW",1.3
921,2015,1,18,0,104,125,44,98,1600,4,-2,1021,-13.5,0,"NE",1.2
922,2013,12,26,16,7,39,10,15,200,56,0.6,1029.5,-20.4,0,"NW",5.7
923,2017,1,17,4,117,125,25,73,2400,11,-1.7,1027,-5.7,0,"SE",1.4
924,2013,6,17,22,56,71,9,79,1200,84,26,996,14.1,0,"W",1
925,2014,10,1,3,78,148,5,72,900,2,12,1013.8,5.8,0,"N",1
926,2016,2,6,12,24,41,14,37,800,59,4.1,1026.2,-18.2,0,"SW",3.2
927,2015,1,22,0,32,36,24,78,900,4,-6,1025,-15.8,0,"W",0.8
928,2014,10,29,18,146,179,28,127,1300,31,11.1,1018.9,7.2,0,"NE",0.9
929,2013,3,26,11,208,237,50,86,1800,16,9.2,1010.4,-0.2,0,"S",1.5
930,2015,1,19,0,12,49,3,25,300,61,2,1022,-15.1,0,"NW",4.4
931,2013,10,25,13,24,29,8,8,400,72,17.3,1021.8,-3.5,0,"W",2.4
932,2013,10,8,10,20,32,45,31,1900,23,19.4,1017.8,7.5,0,"S",2.7
933,2016,8,6,17,97,97,2,15,1100,183,32.2,999.2,24.3,0,"S",2.9
934,2013,3,4,10,13,20,16,32,500,68,11.5,1022.3,-14.3,0,"N",0
935,2016,5,18,2,44,94,10,30,100,100,23,1006.7,10.8,0,"SW",4
936,2013,8,10,8,46,60,6,56,700,36,28,1001.9,22.7,0,"NE",1.9
937,2015,8,28,10,3,19,2,24,400,67,27.4,1004.8,16.7,0,"N",1.3
938,2013,5,31,0,50,84,24,35,600,126,25.7,999.1,7.8,0,"SW",1.5
939,2015,5,27,1,75,127,10,24,700,163,25.4,1001.2,14.2,0,"SW",3.8
940,2017,2,10,14,3,52,2,10,100,71,3.8,1024.1,-22.2,0,"NW",4.3
941,2016,12,9,14,11,11,4,21,300,64,4.1,1023.6,-14.7,0,"SE",1.3
942,2014,4,30,5,102,142,26,69,1100,47,13.3,1005.9,9.9,0,"E",0.8
943,2014,6,6,1,78,173,17,61,1000,136,25.7,999.5,17.6,0,"SE",1.7
944,2014,6,15,20,77,252,7,41,1000,192,21.3,1000.1,19,3.5,"SE",1.6
945,2015,10,5,11,212,213,19,56,1700,92,20.1,1015.6,14,0,"E",0.9
946,2014,5,21,9,80,126,40,73,1400,62,24.2,1003,11.5,0,"SE",1.3
947,2016,2,18,2,18,30,7,27,400,54,7,1013.5,-16.5,0,"NW",4.1
948,2014,8,15,14,17,17,5,14,400,165,32.6,1001.1,12.8,0,"S",1.2
949,2013,3,6,9,176,177,88,116,2500,35,8.4,1010.8,-6.6,0,"N",0.8
950,2016,8,11,20,70,80,2,33,900,141,33,1001.7,25.8,0,"SW",1.6
951,2015,11,7,0,7,7,3,18,400,50,1.2,1025.5,-1.7,0,"NE",2.5
952,2016,12,5,23,37,37,9,85,1200,3,-2.7,1026.7,-13.6,0,"E",0.3
953,2016,10,15,14,172,195,7,82,2000,3,16.6,1017.4,12.9,0,"E",1.4
954,2015,4,30,16,73,96,9,24,700,226,29.3,1004.2,11.4,0,"S",2.9
955,2015,5,28,1,119,148,32,38,1600,147,24.6,1000,15,0,"S",2
956,2016,12,3,1,219,262,39,124,5500,15,-1,1020.9,-5.2,0,"E",0.4
957,2013,11,25,19,14,14,6,47.6296,700,14,-0.1,1013.9,-14.9,0,"W",0.8
958,2016,3,29,18,23,88,5,30,300,103,21.1,1008.5,-4.2,0,"SW",3.5
959,2014,10,27,5,8,8,2,59,300,11,2.5,1028.7,-3.8,0,"E",1
960,2013,10,30,17,97,124,21,78,1000,75,11.5,1021.8,2,0,"SW",0.8
961,2017,2,2,1,152,200,53,84,1400,6,-5.2,1030.5,-17.3,0,"NE",1.5
962,2014,2,11,16,117,117,77,76,1900,43,-0.3,1021.5,-13.6,0,"SW",2.5
963,2014,12,20,12,9,11,11,30,600,45,0,1025,-19.2,0,"W",3.2
964,2013,9,26,23,71,153,12,146,1900,1,12.6,1009.7,10.7,0,"N",0.6
965,2015,8,13,22,90,137,14,29,1100,160,30.4,997.7,20.3,0,"SW",3.4
966,2014,3,8,5,117,158,85,96,2400,3,-1.1,1020.8,-4.6,0,"E",1.4
967,2013,12,31,10,41,286,9,28,500,45,7.5,1009.6,-14.7,0,"NW",2.9
968,2014,8,29,20,89,131,5,54,1400,132,23.6,1011.7,19.1,0,"SE",1.7
969,2016,9,5,12,21,21,4,12,500,99,29.5,1006.4,14.1,0,"N",2.8
970,2015,5,8,14,44,83,12,20,800,125,22.3,1003.2,5.2,0,"E",4.6
971,2014,12,30,23,13,264,2,13,200,71,0,1023,-20.3,0,"NW",4.4
972,2014,1,10,15,50,63,50,60,1000,24,3.3,1024.8,-21.7,0,"SW",1.2
973,2014,3,26,9,328,422,38,146,3000,2,14.8,1008.6,9.4,0,"NE",1.4
974,2014,8,1,1,153,153,6,46,1600,85,26.2,1002.4,23.1,0,"S",1.2
975,2015,3,13,21,36,45,12,106,800,14,4.6,1019.2,-15.3,0,"SE",1.2
976,2017,2,12,12,152,180,104,79,4700,75,6.5,1022.9,-12.7,0,"N",1.1
977,2014,7,3,6,206,206,8,53,1700,22,23.4,997.9,22.2,0,"E",1.2
978,2014,6,5,2,54,83,8,70,800,72,22.6,1000.9,16.2,0,"SE",1.1
979,2016,1,25,12,14,30,11,21,500,58,0.4,1026.2,-24.9,0,"NW",3.2
980,2015,6,13,23,26,45,2,43,800,44,19.6,1004.8,17.2,0,"NE",0.7
981,2014,3,9,6,138,151,44,75,1800,3,-2,1022.6,-7.5,0,"E",1.3
982,2013,6,19,11,47,47,14,23,1100,128,32.9,999.1,12,0,"NE",3.1
983,2014,5,18,1,35,98,15,88,1000,30,16.5,1006.7,7.2,0,"E",0.9
984,2013,10,13,21,49,26,7,53,700,21,14,1015.8,12.2,0,"SE",0.6
985,2013,8,13,15,98,74,10,17,1100,163,31.8,998.7,25.4,0,"SE",1.6
986,2013,9,6,17,69,81,20,42,1400,155,24.3,1010.6,16.3,0,"SW",0.8
987,2013,10,9,16,190,223,26,52,1600,55,19.1,1004.9,13.7,0,"NE",1.5
988,2013,12,3,19,64,118,28,96.6963,1800,6,5.9,1017.5,-8.4,0,"SW",3
989,2017,1,2,21,163,163,14,102,2800,24,-0.6,1020.8,-9.3,0,"SW",0.2
990,2013,7,9,11,77,26,4,18,1000,72,25.1,999.5,23.9,0.7,"NE",1
991,2013,6,11,1,34,35,3,50,500,33,17.7,1005.8,16.2,0,"N",0
992,2015,10,15,20,145,151,15,173,1800,33,15.4,1012.6,11,0,"E",0.7
993,2014,4,5,14,9,36,3,13,200,109,19.5,1016,-13,0,"NW",5.2
994,2014,7,27,6,106,153,28,33,900,93,25.9,1006.4,17.3,0,"S",1.6
995,2015,4,19,14,39,83,2,15,300,107,20.4,1010.4,-11.1,0,"NE",2.8
996,2017,1,24,7,115,115,72,71,3800,5,-8.4,1033.666667,-13.3,0,"NE",1.2
997,2014,8,4,14,7,12,2,15,400,55,20.7,1001.9,19.2,1.7,"NE",2.8
998,2013,4,13,7,102,166,23,95,1500,3,12.8,998.5,1.8,0,"NW",1.7
999,2015,4,22,21,41,98,16,45,400,103,21.9,1010,2,0,"SW",5.3
1000,2013,5,16,21,82,138,22,56,900,113,21.2,1010.9,10.4,0,"SE",2.3
1001,2016,6,7,11,39,75,2,24,600,81,22.8,1008.9,13.8,0,"S",2.2
1002,2013,6,14,23,107,133,39,69,1100,137,23.1,1003.7,13,0,"SE",1.2
1003,2013,9,4,7,18,40,2,49,1200,49,19.1,1013,18.4,0,"NE",1.8
1004,2016,8,16,12,25,39,2,32,700,125,29.3,1002,19.3,0,"E",1.8
1005,2015,2,16,21,18,42,5,28,400,56,6,1016,-14.2,0,"NE",1.3
1006,2013,7,30,14,202,35,11,48,1300,283,35,991.8,20.9,0,"NW",1.2
1007,2014,2,12,11,44,37,28,38,800,50,1.6,1029.4,-16.8,0,"E",3.7
1008,2015,8,2,3,52,52,2,29,1000,50,23.4,999,22.9,0.1,"E",1.3
1009,2016,11,1,20,71,109,15,70,900,14,5.4,1026.9,-6.8,0,"SW",1.3
1010,2016,11,27,23,28,31,11,81,900,2,0,1029.1,-12.7,0,"SW",1.6
1011,2015,3,23,13,10,16,2,38,400,72,16.6,1024.2,-17.9,0,"SW",2.7
1012,2017,2,2,2,162,190,40,86,1700,4,-6.7,1030.3,-17.2,0,"E",1.2
1013,2015,3,21,13,18,120,3,14,200,87,16.9,1014.9,-21,0,"NW",5.2
1014,2014,12,6,10,31,45,22,67,900,16,0,1026,-18.7,0,"NE",2
1015,2014,1,11,12,70,104,69,85,2000,7,3.5,1024.8,-18.7,0,"E",0.5
1016,2013,11,17,9,7,11,11,19,300,37.485,7.8,1021.1,-13.8,0,"NW",5.3
1017,2016,1,13,21,37,51,24,93,1100,5,-3,1018.8,-21.3,0,"NE",1.1
1018,2014,4,15,5,54,95,8,110,900,2,12.9,1014.3,9.2,0,"SE",1.2
1019,2016,7,26,8,11,13,2,28,500,57,28,1001.2,18.7,0,"NE",1
1020,2015,3,11,3,112,124,43,109,3200,9,-3.2,1019.9,-15.5,0,"SE",0.4
1021,2016,7,7,2,93,99,16,28,2000,123,27,1007.3,18,0,"SW",1.8
1022,2013,11,5,21,261,353,14,142,3600,4.9266,5.3,1014.9,4.3,0,"N",0
1023,2013,9,19,11,111,113,25,78,2500,8,23,1009,20,0,"SW",0.5
1024,2015,6,23,19,92,125,8,36,900,212,30.2,1001.5,16.2,0,"S",2.4
1025,2015,6,9,0,47,93,3,133,1400,3,20.2,998.9,14.1,0,"NE",0.1
1026,2017,1,29,6,12,67,3,6,200,69,0.3,1021.75,-20.4,0,"NE",7.2
1027,2016,4,9,18,100,381,9,27,600,102,15.8,1005.5,-2.2,0,"SE",3.1
1028,2016,1,31,14,8,14,5,15,400,72,0.2,1031.9,-22.7,0,"NW",3.9
1029,2013,3,3,0,122,142,86,106,3100,8,-2.2,1022.3,-12.8,0,"N",0
1030,2016,5,23,18,58,58,6,34,600,132,19.1,1003.6,13.1,0.1,"NW",2.1
1031,2015,5,21,13,36,70,11,26,600,148,27.8,1007.2,3.5,0,"SW",4.9
1032,2016,5,2,1,98,98,8,34,1200,118,23.5,999,13.4,0,"NW",2.1
1033,2015,11,22,2,81,81,11,49,1800,3,0.3,1031,-1.8,0,"SE",0.9
1034,2015,5,3,21,6,39,2,29,300,83,17.9,1012.1,-9.1,0,"NE",1.7
1035,2015,9,29,0,91,94,4,81,2300,2,15.5,1023.1,14,0,"NE",0.9
1036,2016,4,10,17,65,184,19,39,1000,110,18.5,1012,-6.3,0,"S",2.9
1037,2015,2,14,7,219,219,55,111,3100,14,-5,1006,-11.2,0,"E",1.2
1038,2013,3,6,15,227,245,119,153,2899,35,14.7,1007,-4.6,0,"SW",1.3
1039,2016,6,19,6,64,77,11,37,800,85,23.3,1002.3,18,0,"NE",1.6
1040,2015,9,28,16,54,54,10,54,1900,40,17.9,1020.2,13.4,0,"W",1
1041,2014,11,26,10,207,264,50,112,3900,2,3,1015,0.6,0,"E",1.4
1042,2015,8,9,12,29,56,5,18,700,175,31.4,1007.1,19.4,0,"SW",1.4
1043,2014,8,8,2,44,71,12,45,800,86,22.7,1005,16.5,0,"E",0.5
1044,2015,5,31,15,48,93,16,22,600,216,32.2,993.7,11.9,0,"SW",4.7
1045,2017,1,31,13,75,75,29,46,1300,45,4.3,1022.7,-22.7,0,"SW",1.2
1046,2013,3,11,16,110,140,115,84,1399,86,11,1011.3,-6.4,0,"SW",2.7
1047,2015,7,13,10,3,45,4,32,600,151,33.8,995.1,14.3,0,"NE",2.1
1048,2016,3,26,20,10,33,2,41,300,59,16.9,1017.4,-10.8,0,"NW",2.3
1049,2015,8,26,12,6,12,2,7,400,119,29,1005.6,15.9,0,"NE",1.9
1050,2015,6,7,2,18,32,2,58,7000,13,16.3,1003.1,14.7,0.1,"NE",1
1051,2015,6,30,13,18,18,2,24,400,75,24.1,999.2,13.6,0,"W",3.4
1052,2013,5,26,1,80,87,19,57,900,21,20.8,1004.8,16.2,0,"E",1.2
1053,2016,11,19,21,127,135,6,60,2300,2,8.5,1019.1,5.9,0,"SE",2.7
1054,2015,1,10,19,137,175,41,122,1800,16,4,1018,-15.3,0,"W",2
1055,2016,3,21,3,104,135,20,111,1100,32,5.3,1020,-3.3,0,"E",0.9
1056,2014,1,28,18,66,136,29,37,900,57,3.2,1020.8,-10.1,0,"S",2.1
1057,2013,3,31,21,233,236,29,86,1700,2,6.7,1011.3,2.9,0,"NE",1.5
1058,2016,8,4,4,101,101,2,45,1300,53,27.9,1005.8,24.1,0,"S",1.6
1059,2014,10,20,7,181,181,2,69,1600,2,13.1,1013,12.9,0,"E",0.7
1060,2013,6,10,21,32,39,3,52,600,64,20.7,1007.5,14.6,0,"S",0.6
1061,2014,10,8,2,269,336,6,144,2400,2,11.5,1015.5,10.6,0,"NE",0.6
1062,2014,11,30,20,25,393,2,18,300,65,0,1021,-29.2,0,"NW",7.6
1063,2016,11,16,21,143,237,13,114,3500,6,3.7,1018.9,1.7,0,"NE",0.2
1064,2016,2,15,21,10,110,2,21,300,66,1.9,1019.9,-16.6,0,"NW",5.3
1065,2013,3,18,13,13,6,3,14,300,107,11.3,1004,-17.2,0,"NW",4.3
1066,2016,11,17,16,97,149,26,64,2300,5,6.7,1017.6,-0.8,0,"E",1.1
1067,2014,6,3,23,53,133,18,71,900,106,23.2,1004.1,13.4,0,"E",1
1068,2013,3,19,5,3,6,12,42,400,39,0.5,1007.7,-5.1,0,"NE",1.4
1069,2016,12,12,2,258,283,58,111,3800,8,1.7,1018.2,-4.6,0,"NE",1.2
1070,2016,1,30,11,26,26,10,37,700,49,-6,1033.1,-23.4,0,"NE",2.3
1071,2016,12,13,9,3,6,5,32,300,50,1.7,1027.7,-14.5,0,"NE",2.8
1072,2016,3,16,8,232,264,26,120,3500,12,4,1014.3,-0.6,0,"NE",1
1073,2014,12,15,20,10,38,3,27,300,44,-4,1030,-22.1,0,"NW",3.9
1074,2016,12,31,11,143,143,25,82,2800,7,-0.2,1024.1,-10.7,0,"NW",0.6
1075,2017,1,9,18,49,62,6,49,800,32,1.275,1020,-10.3,0,"SW",2.7
1076,2014,6,2,21,37,46,2,63,700,117,19.7,1005.9,14.1,0,"W",0.9
1077,2015,10,3,13,33,69,6,32,600,83,23.6,1016.3,6.8,0,"S",2.3
1078,2016,9,13,8,99,99,4,48,1300,7,20.8,1015,18.7,0,"E",1.3
1079,2014,5,17,11,87,175,82,96,1600,90,26.3,1009.1,4.1,0,"SW",2.3
1080,2014,6,4,20,56,76,8,57,700,149,25.6,1000.9,14.4,0,"SW",0.5
1081,2014,8,17,1,186,235,6,62,1500,86,25.7,1004.4,14.8,0,"SW",3.5
1082,2016,8,9,11,47,49,14,43,1400,134,30.2,1004.6,17.3,0,"E",1.9
1083,2014,11,3,8,36,69,9,70,1100,2,7,1016,-2.7,0,"E",0.7
1084,2016,10,20,13,30,82,11,43,1300,15,14.5,1017.8,4.8,0,"S",0.9
1085,2014,12,20,14,15,15,8,20,400,62,1,1025,-20.1,0,"NW",4.9
1086,2016,4,10,15,65,202,14,38,800,108,19,1011.9,-6.6,0,"SE",2.7
1087,2016,5,27,6,52,158,6,107,900,4,18.4,1006.9,9.2,0,"E",1.3
1088,2016,11,29,22,93,164,26,67,2400,4,3.4,1026.5,-1.6,0,"E",1.7
1089,2016,1,14,5,31,46,15,76,1200,11,-5.2,1017.5,-18.6,0,"NW",1.9
1090,2015,11,19,2,87,87,6,75,1000,2,4.9,1021.1,2.8,0,"SW",1.3
1091,2017,2,11,23,322,413,100,103,2300,2,-1.9,1023.5,-14,0,"N",0.8
1092,2013,5,11,2,58,180,27,99,700,21,18.2,993,4.7,0,"W",1
1093,2015,10,19,5,31,52,6,61,600,6,11.6,1014.6,5.5,0,"E",1.1
1094,2015,8,10,7,32,44,2,38,600,60,25.1,1006.7,20.6,0,"NE",1.6
1095,2014,3,28,2,126,218,32,94,2200,2,12.6,1003.5,6,0,"E",2.7
1096,2016,4,2,5,3,9,2,17,100,60,12.7,1015.8,-3.6,0,"NE",2.5
1097,2013,12,24,17,320,414,121,161,5400,15,-2.8,1027.6,-8.9,0,"NE",0.6
1098,2016,9,11,19,34,49,2,33,1100,99,21.7,1010.8,16.9,0,"E",1.3
1099,2014,8,19,10,115,154,13,59,1300,105,29.4,1008,19.1,0,"SE",0.8
1100,2017,2,3,8,70,70,24,68,1900,6,-5.8,1021.7,-15.6,0,"SE",0.7
1101,2016,4,8,17,25,119,4,27,300,101,23.3,1004.2,-8.9,0,"SW",5.2
1102,2015,9,13,6,22,61,2,67,800,2,12.4,1013,11.1,0,"NE",0.3
1103,2015,10,31,12,14,21,6,45,500,35,12.7,1027.4,-6.3,0,"W",1.6
1104,2015,3,9,19,6,10,2,25,300,60,2.1,1031.6,-31.9,0,"N",3.1
1105,2016,12,16,22,182,221,30,115,3300,7,-0.8,1018,-7.8,0,"NE",1.5
1106,2013,9,17,5,77,121,29,82,2300,1,20.3,1009.3,17.5,0,"NE",0.9
1107,2013,5,27,1,45,24,3,22,500,54,17,1005.8,15.7,0,"E",1.4
1108,2015,11,6,10,16,16,2,24,300,42,0.2,1028,-0.5,0.8,"NE",2.2
1109,2015,1,6,20,78,134,45,92,1200,3,1,1023,-20.1,0,"W",3.1
1110,2014,10,22,8,90,184,8,65,1700,2,9.4,1020.6,3.4,0,"E",1.7
1111,2016,12,31,21,444,517,14,139,5200,8,-3,1022.1,-5.3,0,"E",0.9
1112,2014,7,27,10,118,195,26,58,1100,113,31.5,1005.5,19.2,0,"SW",2.3
1113,2015,10,23,16,48,48,3,50,700,56,18.5,1011.4,9.8,0,"SW",2.5
1114,2017,1,2,0,381,479,8,124,6900,10,-4.8,1020.9,-5.9,0,"E",1.4
1115,2014,5,13,0,47,99,20,41,600,107,23.3,996.2,6.5,0,"W",2.9
1116,2013,6,24,22,36,32,3,40,900,105,21.2,998.4,20.5,0,"SE",1.2
1117,2014,5,23,18,54,113,15,37,600,213,29.9,1004.6,11.4,0,"SW",1.2
1118,2016,1,8,12,22,22,8,28,600,49,-0.9,1024.8,-17.6,0,"NE",2.7
1119,2015,3,9,20,3,13,5,31,400,52,1.4,1032.2,-30.8,0,"N",1.9
1120,2015,9,17,2,153,153,6,128,1600,2,18.1,1013.5,15.9,0,"NE",1.5
1121,2014,11,12,7,5,62,2,14,200,71,4,1021,-17,0,"NW",5.4
1122,2015,7,6,7,109,109,15,70,1800,13,21.8,1007.5,18,0,"E",1.6
1123,2015,9,30,12,30,30,5,32,600,65,19.7,1015.9,11.7,0,"SW",2.3
1124,2013,6,12,5,17,31,3,26,700,48,15.5,1004.6,14.4,0,"SW",0
1125,2013,7,9,17,32,15,3,16,800,72,23.5,999.3,22.7,0.5,"N",0
1126,2016,12,20,18,374,374,7,131,8100,8,-0.4,1024.7,-2.6,0,"E",1.7
1127,2017,1,21,23,8,19,4,24,300,51,-4.975,1032,-23,0,"NW",1.2
1128,2013,12,21,15,27,37,29,52,700,37,2.2,1029.4,-16.3,0,"SW",1.4
1129,2015,7,22,13,77,77,4,46,900,142,29,999.5,20.4,0,"E",1.7
1130,2016,3,17,1,231,231,30,88,1500,64,10.8,1010.9,1.1,0,"SE",1.3
1131,2016,9,5,11,41,41,6,25,700,96,28.4,1006.8,16,0,"SE",1.6
1132,2014,11,29,17,349,514,23,121,3900,2,3,1014,0.6,0,"N",1.4
1133,2016,6,20,23,61,61,2,50,1000,123,26,998.1,21,0,"N",2.1
1134,2015,5,25,1,68,116,19,29,800,172,26.2,1000.5,11.5,0,"SW",2.8
1135,2017,2,27,16,71,71,12,42,800,82,15.9,1014,-9.9,0,"SW",2.9
1136,2016,11,7,10,56,56,6,40,1000,15,10.5,1026,-0.9,0,"NW",3.9
1137,2015,12,11,15,32,49,18,79,1300,28,5.4,1023.5,-9.6,0,"NE",1.3
1138,2014,3,27,5,318,355,28,166,2600,2,10.7,1008.2,8.1,0,"NE",0.9
1139,2017,2,5,9,11,11,9,25,400,52,4.1,1019.1,-15.8,0,"NW",1.9
1140,2014,1,3,8,38,135,16,43,500,22,4.5,1019.8,-12.5,0,"NW",2.8
1141,2014,9,11,2,50,116,9,105,1900,20,19.1,1010.4,15.8,0,"E",1.1
1142,2013,8,9,10,36,80,16,36,700,38,32,997.6,18.9,0,"W",1.7
1143,2014,2,26,19,99,5,44,50,1300,26,7.6,1019.1,2.9,0.5,"NW",2.2
1144,2016,11,17,23,158,309,30,72,3700,4,6.5,1015.9,0.2,0,"E",1.1
1145,2016,5,28,14,45,62,12,15,800,210,29.8,999.9,8.2,0,"S",3.4
1146,2015,9,30,13,28,28,5,30,600,72,19.3,1014.5,12.3,0,"SW",2.1
1147,2013,7,11,11,36,56,4,12,900,29,26.2,1002.7,22.3,0,"N",0
1148,2014,4,8,14,177,180,49,51,1300,196,24.8,1006.9,2.2,0,"SW",2.6
1149,2015,3,21,0,62,171,8,110,1000,6,12,1011.1,-11.6,0,"NW",1.6
1150,2014,11,2,22,7,20,3,72,500,6,6,1015,-6.3,0,"NW",0.6
1151,2015,11,18,21,84,84,6,84,1000,2,4.4,1020.7,0.9,0,"S",1.8
1152,2016,6,17,6,34,56,2,70,600,14,22.8,991.8,14.1,0,"NE",1.4
1153,2015,12,23,21,355,355,20,262,6500,15,-1.6,1022.5,-4.4,0,"N",0.1
1154,2016,7,12,22,16,24,2,45,600,49,25.2,998.3,20.5,0,"NE",1.1
1155,2015,10,27,1,5,23,2,20,100,48,11.2,1013.8,-9.2,0,"NW",2
1156,2016,4,22,18,34,42,2,18,200,99,23.8,1003.5,-12.5,0,"NW",4.4
1157,2015,3,3,13,9,20,2,8,300,71,1.9,1020.7,-26.6,0,"N",4.6
1158,2014,8,1,22,132,132,3,31,1300,141,28,1001.6,23.6,0,"S",1.6
1159,2016,7,25,12,39,39,2,47,1100,61,28.6,997.5,25.4,0,"E",1.9
1160,2013,8,30,23,23,70,5,85,600,22,19.5,1008.1,12.5,0,"W",1.1
1161,2016,5,27,22,29,82,12,31,500,111,23.7,1004.1,7.3,0,"SW",3.8
1162,2016,11,26,6,359,441,16,122,5900,13,-1.8,1016.9,-4,0,"NE",1.1
1163,2013,7,8,23,137,84,4,104,1700,14,25.3,999.6,25,0,"N",0
1164,2016,7,21,0,7,7,2,35,700,36,22.1,995.8,21.4,0.8,"N",1.4
1165,2013,5,14,19,24,73,3,29,400,128,25.7,1005.1,1.7,0,"SW",1.9
1166,2013,7,25,4,21,45,3,80,400,22,26.7,997,16.6,0,"N",1.5
1167,2016,6,5,6,47,47,7,37,700,54,19.4,1006.8,14.9,0,"E",0.7
1168,2014,8,22,5,21,34,2,59,500,38,21.3,1004.4,18.5,0,"NE",1.1
1169,2015,12,22,23,355,355,21,148,6200,10,-1.8,1023.3,-1.8,0,"E",1.1
1170,2015,9,8,4,49,77,2,99,1200,11,17.1,1010.1,16,0,"SW",0.1
1171,2013,6,26,10,209,162,8,35,2100,70,26.2,994,22.3,0,"SW",1.2
1172,2016,7,11,15,99,99,8,14,700,205,35.3,993.7,21.6,0,"SW",3.9
1173,2015,1,18,9,148,161,62,102,3400,2,-2,1015,-12.7,0,"S",0.7
1174,2013,7,25,10,21,56,3,39,600,44,32.9,998.4,16.7,0,"E",1.8
1175,2014,10,15,17,13,45,2,22,200,68,18.5,1012.9,-10.5,0,"NW",4.2
1176,2013,7,21,20,47,43,7,10,700,167,27.1,1001.2,18.9,0,"S",0
1177,2016,1,17,1,153,153,24,76,2800,10,-4.4,1021.5,-6.7,0.2,"SE",1.9
1178,2015,12,25,20,430,446,8,169,7000,13,-3.7,1012.9,-3.7,0,"E",1.4
1179,2015,9,24,6,63,75,2,71,900,2,18.5,1006.2,15.9,0,"NE",1.1
1180,2015,3,15,4,138,138,38,119,2500,7,0.8,1013.6,-5.2,0,"E",2
1181,2015,5,3,22,14,54,2,40,400,63,17.7,1012.9,-7.7,0,"N",2.5
1182,2015,7,3,8,46,106,47,64,2900,20,24.7,1005.6,10.2,0,"E",2.1
1183,2015,11,30,2,192,192,13,105,4100,2,-3.7,1023.1,-3.8,0,"E",1
1184,2014,3,8,13,185,231,97,90,2800,28,8.3,1016.2,-4.2,0,"S",1.6
1185,2016,8,3,4,101,101,2,33,1600,68,25.4,1005.3,23.5,0,"SW",0
1186,2014,3,2,19,138,184,60,111,2300,19,6.8,1017.5,-6.6,0,"SE",1.5
1187,2016,6,9,14,65,70,14,19,800,233,33.5,999.1,10.8,0,"SW",3.9
1188,2013,5,31,11,105,135,42,48,1000,107,27.2,999.1,14.9,0,"S",2.4
1189,2016,4,23,7,24,56,2,48,200,32,12.8,1011.8,-9.6,0,"NE",1.5
1190,2015,12,23,11,272,272,39,131,4500,11,0.8,1023.5,-3.1,0,"E",0.7
1191,2014,11,10,22,150,163,7,135,1600,2,4,1013,1.5,0,"SW",0.7
1192,2013,12,26,6,4,16,7,13,300,52,-4.6,1031.1,-21.2,0,"NW",4.1
1193,2015,7,18,10,31,31,2,36,800,64,23.1,1003.3,20.1,0,"NE",1.7
1194,2014,10,11,0,318,318,15,109,2200,180,13.3,1016.8,12.8,0,"SE",0.7
1195,2013,8,25,13,27,31,6,39,800,213,34.8,1001.3,13,0,"S",4.1
1196,2016,12,29,1,11,17,10,40,1000,31,-2.9,1033.2,-19.3,0,"SW",1.5
1197,2015,4,13,5,13,13,2,10,300,94,6.2,1025,-2.9,0,"N",3.1
1198,2016,5,11,11,167,167,18,31,1100,139,23.2,997.6,14.2,0,"S",3.2
1199,2014,5,27,6,35,124,4,114,700,2,29.1,990.9,0.7,0,"NW",1.7
1200,2016,6,25,0,3,13,2,23,200,78,26.7,1003.2,5,0,"NW",2.2
1201,2016,3,14,13,112,132,28,92,1600,51,13.6,1018.2,-9.6,0,"S",1.8
1202,2015,9,1,22,14,18,2,53,700,14,20.5,1009,18.8,0,"NE",0.7
1203,2015,1,25,18,180,180,22,87,1800,9,2,1016,-3.9,0,"SW",1.6
1204,2014,1,9,7,8,26,7,23,500,35,-5.4,1029.9,-24.9,0,"NW",2.8
1205,2016,5,17,4,45,98,5,102,400,5,14.9,1003.8,8.4,0,"NE",0.8
1206,2014,5,11,9,20,20,2,23,700,81,10.9,1004.2,10,3.1,"NE",1.9
1207,2016,9,29,14,57,64,10,23,400,117,21,1013.2,3.7,0,"SW",2.9
1208,2015,7,17,7,13,27,2,31,600,31,21.7,1004.4,18.9,0.2,"NW",1.1
1209,2016,8,2,21,34,46,2,26,900,125,30.6,1005.2,22.5,0,"S",1.3
1210,2015,2,21,23,27,511,2,7,200,70,-1,1016,-23,0,"NW",7.3
1211,2017,1,22,14,20,25,8,39,700,45,-0.66,1030.4,-20,0,"SE",1.2
1212,2016,4,24,5,70,118,8,72,900,2,7.6,1009.4,-0.9,0,"E",0.9
1213,2017,1,24,22,123,128,40,78,2100,31,-0.9,1032,-12.8,0,"SW",0.7
1214,2016,12,7,13,132,170,35,82,2300,18,7.6,1020.4,-5.2,0,"SE",1.6
1215,2013,11,22,18,172,158,45,115.7892,2000,5,5.2,1018.2,-4.7,0,"SW",1.2
1216,2016,11,5,13,222,255,7,69,3000,40,12.3,1011.1,5.7,0,"SE",3.8
1217,2016,12,1,23,132,159,22,104,1700,6,4.5,1028.6,-6.7,0,"W",1.7
1218,2016,1,23,8,6,12,7,20,300,58,-16.8,1040.2,-34.5,0,"N",4.8
1219,2015,7,21,0,134,134,2,40,1300,73,24.3,1002.7,22.7,0.2,"SE",0.9
1220,2016,3,28,8,94,189,18,102,1300,7,10.3,1008.1,-4.5,0,"NE",1.1
1221,2017,2,7,16,48,56,17,23,800,64,2.9,1025.2,-10.4,0,"W",1.6
1222,2015,11,30,12,544,544,30,158,7600,9,-1.1,1021.6,-2.2,0,"E",1.6
1223,2014,4,26,18,50,152,5,27,300,95,17.7,1015.3,8.5,0,"SE",1.6
1224,2013,12,29,15,49,73,33,67,1000,41,6.6,1012,-20.9,0,"SW",2
1225,2014,5,24,6,75,75,2,49,1000,41,19.3,1004,18.3,1.9,"E",1.1
1226,2014,8,30,4,151,186,2,96,1700,2,21.9,1011.6,20,0,"E",1.1
1227,2016,12,31,18,406,465,20,175,4900,7,-1.3,1021.9,-6.5,0,"S",0.6
1228,2013,11,3,6,14,14,10,32,300,25.0614,7.8,1018.8,0.5,0,"W",0.7
1229,2016,6,5,21,37,89,11,36,600,119,24.4,1005.6,13.6,0,"SE",2.7
1230,2015,9,1,5,4,5,2,8,400,54,18.5,1008.1,17.7,0.3,"N",2.2
1231,2013,4,19,6,52,104,31,71,1200,22,7,1022,-3.8,0,"SE",2.1
1232,2016,12,15,5,64,86,17,71,1900,3,-6.3,1026.2,-11.6,0,"NE",1.2
1233,2016,7,2,21,38,75,3,41,800,161,30,1000.9,15.3,0,"S",1.6
1234,2013,8,15,10,116,143,6,64,1400,34,30.8,999.4,26.5,0,"E",1.5
1235,2014,9,19,19,48,93,9,40,1600,128,22.1,1006.6,14.7,0,"NE",1.3
1236,2013,5,24,0,126,198,26,191,2600,11,20.2,1005.5,14.6,0,"E",0
1237,2016,12,5,4,78,78,16,58,1600,10,0.3,1018,-3.4,0,"W",0.6
1238,2015,10,31,20,57,73,10,107,900,7,6.7,1024.5,-1,0,"SW",0.2
1239,2015,11,3,17,105,105,17,53,800,97,16.2,1017.2,4.2,0,"SW",1.7
1240,2015,10,22,16,15,15,2,35,400,31,11,1018.7,5.9,0,"E",0.9
1241,2015,12,20,2,269,269,41,148,6200,14,-2.6,1025.8,-4.5,0,"NE",1.3
1242,2014,10,20,9,198,198,2,82,1900,2,16.3,1013.8,13.8,0,"E",2.1
1243,2017,2,17,3,3,5,2,8,200,77,0.6,1027.9,-21.7,0,"N",2.8
1244,2016,1,18,14,11,64,2,12,300,68,-7.1,1022.5,-26.3,0,"NW",5
1245,2014,8,24,13,4,22,5,16,300,96,30.6,1002.2,10.5,0,"SW",1.3
1246,2015,7,22,7,70,77,2,76,1200,4,22.8,1001,21.3,0,"E",1.1
1247,2015,3,12,16,50,50,15,48,700,67,11.7,1009.3,-19,0,"SE",1.9
1248,2014,4,23,0,78,144,23,49,900,90,19.6,1006.8,8.9,0,"SW",4.3
1249,2016,7,3,8,104,111,18,67,1300,48,27.1,1002.4,20,0,"E",1.4
1250,2013,10,13,6,23,25,15,27,600,68,15.5,1015.2,8,0,"NE",1.2
1251,2013,6,16,21,205,119,30,54,2200,60,21.8,999.6,20.4,0.1,"N",1
1252,2015,11,17,16,95,123,13,69,2400,13,7.4,1022.9,1.5,0,"SE",2.8
1253,2014,10,8,9,204,235,3,87,1600,2,15.4,1016.6,11.8,0,"E",0.9
1254,2014,6,22,6,21,28,2,67,600,18,19.8,1005.3,16.4,0,"N",2.1
1255,2016,5,12,13,23,39,8,21,1500,89,17.1,1010,-1.1,0,"NW",5.1
1256,2014,3,17,20,18,141,6,34,300,55,16.3,1012.8,-6.1,0,"NW",2.7
1257,2013,9,10,12,3,6,2,19,300,66,28.3,1008.5,5.2,0,"NW",4.6
1258,2015,5,24,20,73,136,19,51,1000,203,28.7,1000.8,11.3,0,"SW",2.1
1259,2015,11,6,22,10,10,3,17,400,51,1.4,1025.7,-1,0.1,"NE",2.8
1260,2015,9,8,22,65,97,9,67,1100,126,21.3,1012.6,16.9,0,"NE",0.3
1261,2014,11,30,9,12,12,17,28,400,50,5.6,1018.5,-6,0,"NW",5.4
1262,2013,9,14,0,91,106,3,71,1600,4,20.3,1002.4,20,0,"E",1
1263,2014,11,2,0,8,30,3,38,200,38,11,1017,-5.9,0,"NW",2.1
1264,2014,9,5,11,108,173,18,57,1300,106,27,1006.7,19.1,0,"N",1.2
1265,2015,5,13,15,136,209,12,105,900,201,30,987.8,10,0,"SE",1.9
1266,2014,3,19,18,39,54,18,26,500,93,9.8,1019.3,-1.6,0,"S",0.6
1267,2014,1,28,6,11,21,22,17,500,47,-5.1,1025.9,-19.3,0,"S",0
1268,2013,6,3,23,115,159,15,140,1800,70,22,1003.7,13.6,0,"SE",0.2
1269,2015,4,3,17,46,46,4,30,800,129,14.8,1007.9,0.6,0,"S",2.4
1270,2014,6,24,0,40,77,4,87,800,74,22,1001.7,16.9,0,"W",0.4
1271,2014,1,4,6,63,75,40,65,1500,2,-4.7,1020.4,-6.5,0,"E",1.3
1272,2016,11,17,11,75,115,41,56,2100,9,6.7,1021.1,-2.5,0,"S",1.3
1273,2013,7,10,21,31,31,3,66,1100,2,23.2,1002.1,21.6,0,"NW",0.9
1274,2015,12,17,11,41,41,24,65,1500,20,0,1029.6,-14.4,0,"W",2.2
1275,2014,6,10,20,78,90,5,45,1500,89,20.3,1005.8,16.7,0,"S",0.9
1276,2014,11,10,16,79,86,15,101,900,30,14,1016,-3.3,0,"S",1.9
1277,2016,1,12,2,12,17,8,31,400,46,-7.3,1032.3,-22,0,"N",3
1278,2013,11,22,19,191,180,62,112.2991,2300,6,5.4,1018.1,-3.9,0,"SW",0.8
1279,2017,1,20,6,3,14,5,18,300,61,-7.075,1031.75,-22.5,0,"NW",2
1280,2016,8,5,4,59,59,3,21,800,49,25.8,1006,23.7,0,"E",1.4
1281,2015,6,25,14,134,134,13,51,1000,117,27.3,996.4,17.5,0,"S",2.1
1282,2014,5,22,13,140,140,31,32,1200,282,33.8,1001.6,7.7,0,"SW",5
1283,2016,6,30,2,78,78,2,92,1000,5,21.9,1000.1,17.9,0,"NE",2.3
1284,2016,2,21,9,70,75,33,77,2600,8,-3.4,1024.6,-13.9,0,"E",1.5
1285,2016,12,2,21,225,266,35,123,2500,7,2,1022.6,-4.3,0,"W",0.6
1286,2013,7,13,2,128,93,9,24,1200,55,24.7,1002,23.5,0,"SE",1.1
1287,2016,7,5,12,71,78,6,31,1000,150,30.3,1007,16.7,0,"SE",2.3
1288,2013,4,26,12,58,178,74,69,800,85,22.7,1005.2,1.6,0,"SE",2.6
1289,2015,7,27,5,20,40,2,25,700,117,24.6,1000.8,20.9,0,"SE",1.4
1290,2016,12,7,9,93,150,23,87,3300,6,1.9,1022.6,-7.2,0,"E",1.1
1291,2016,7,17,5,52,62,2,79,1000,3,22.9,1002.2,17.6,0,"NE",1.3
1292,2015,10,16,15,294,294,33,117,2000,208,23.9,1011.9,11.6,0,"S",1.6
1293,2015,1,20,4,89,113,40,81,2300,2,-5,1021,-9.1,0,"NE",0.9
1294,2015,11,17,0,71,80,16,97,1500,5,3.9,1018,0.2,0,"W",1
1295,2013,8,30,18,12,13,5,31,400,74,24.2,1006.5,9,0,"E",1.8
1296,2016,12,9,8,6,21,8,34,500,40,0,1024.7,-12.7,0,"NE",2
1297,2013,10,18,22,231,252,39,136,3100,2,11.7,1020.3,10.1,0,"N",0.7
1298,2016,10,23,9,31,31,7,39,700,10,9.4,1021.25,2,0,"NW",1.9
1299,2016,9,17,21,30,83,2,58,800,2,19.1,1015.8,16.5,3.5,"NW",1.2
1300,2013,5,9,21,65,79,7,72,700,52,16.3,1004.4,11.2,0,"S",1
1301,2014,6,10,9,84,131,25,61,1800,38,21.4,1005.3,15.7,0,"SE",1.8
1302,2016,10,19,6,160,171,5,57,2600,2,15.9,1012,14.6,0,"SW",0.2
1303,2015,1,18,16,14,143,5,16,300,92,3,1016,-15.7,0,"NW",5.7
1304,2014,8,19,18,50,86,7,27,800,198,29.6,1005.3,18.1,0,"SW",3
1305,2014,2,13,20,207,218,113,106,3200,3,-2.4,1027.5,-8.3,0,"NE",1.4
1306,2016,9,27,17,10,20,2,14,300,61,19.85,1018,2.7,0,"NE",4
1307,2016,1,30,10,32,32,14,47,900,39,-6.5,1032.9,-22.9,0,"NE",2.5
1308,2014,12,19,12,12,24,13,22,400,65,3,1017,-15.2,0,"NW",6.1
1309,2017,1,23,16,35,52,14,42,700,44,0.025,1029,-18.4,0,"NE",0.8
1310,2015,3,1,8,59,96,16,74,1300,6,-0.1,1018.6,-10.6,0,"W",1.2
1311,2015,12,19,15,159,166,40,155,3400,7,2.3,1028.6,-4.9,0,"NE",1.5
1312,2013,6,26,11,210,165,7,36,2000,106,27.6,993.5,22.3,0,"S",1.3
1313,2015,9,14,5,62,113,8,86,900,2,15.6,1013.2,13.8,0,"NE",1.3
1314,2015,6,13,16,17,25,4,16,500,140,27.9,1000.2,13.4,0,"SE",2.4
1315,2015,7,21,16,160,160,2,24,1100,173,29.6,998.8,22.6,0,"S",2.6
1316,2013,4,18,11,9,24,3,11,200,95,12.2,1020.2,-15.5,0,"NE",4.2
1317,2016,11,25,14,103,143,27,89,2000,10,5.6,1019.8,-8.7,0,"E",1
1318,2014,3,7,0,58,123,28,58,1100,13,1.7,1024.9,-11.5,0,"S",2
1319,2016,7,28,11,42,57,2,47,800,92,29.8,997.7,21.2,0,"W",1.4
1320,2013,8,27,15,72,101,12,43,1500,93,27,1002.2,22.8,0,"E",1.6
1321,2015,7,21,3,97,97,2,57,1300,13,23.1,1002.1,22.3,0,"E",1.2
1322,2016,5,24,13,14,25,2,13,300,131,27.7,997.9,4,0,"SW",3.3
1323,2016,2,23,10,6,17,8,14,300,76,-0.5,1036,-20.8,0,"N",3.3
1324,2016,4,21,4,105,148,9,139,1200,3,10.6,1001.3,6,0,"NE",0.9
1325,2016,1,28,13,126,126,41,62,1600,42,1.8,1025.2,-18.3,0,"NE",2
1326,2013,12,28,14,15,16,8,18,300,59,2.1,1020.9,-22.7,0,"NW",3.3
1327,2014,12,7,12,43,77,35,42,1000,43,3,1019,-19.7,0,"NW",4.1
1328,2015,6,17,15,27,54,3,17,600,222,26.6,997.3,16.5,0,"NE",6.4
1329,2015,2,4,15,11,54,11,23,400,81,5,1023,-17.4,0,"NW",5.2
1330,2013,3,18,0,485,461,62,161,4200,107,8.4,997.9,3.8,0,"E",1.1
1331,2013,8,12,17,38,45,4,21,800,118,29.3,999.8,24,0,"SW",1.1
1332,2015,10,25,9,30,31,13,47,700,16,10.7,1026.2,-2.7,0,"SE",1.2
1333,2013,10,14,14,4,6,1,19,200,48,13.7,1024.6,-4,0,"NE",3
1334,2014,12,10,22,9,24,6,27,300,54,-2,1028,-16.5,0,"NE",0.1
1335,2014,12,29,13,38,80,23,53,900,46,10,1005,-14,0,"N",3.9
1336,2013,11,20,16,38,34,9,28,300,47.3382,8.3,1018.6,-9.2,0,"E",0.9
1337,2016,9,4,14,74,74,10,12,700,219,30.4,1004.5,17.5,0,"S",2.7
1338,2015,7,13,0,40,86,3,52,900,107,26.2,992.9,20.5,0,"NE",0
1339,2016,3,26,18,16,28,2,24,200,86,19,1016.5,-11.1,0,"NW",3.2
1340,2015,11,2,2,143,175,14,109,2200,7,3.4,1017.4,1.9,0,"E",0.6
1341,2015,4,14,6,78,112,2,105,1300,3,4.5,1007.6,3.2,0,"SE",0.5
1342,2016,10,27,2,16,47,5,41,500,13,10.16666667,1025,1.8,0,"SE",2.1
1343,2013,11,1,20,183,122,25,106,1300,10.71,9.2,1020.7,6.1,0,"SE",0.8
1344,2015,3,2,22,6,18,4,20,300,64,7.9,1010.5,-16.4,0,"N",3.5
1345,2015,1,25,19,190,190,22,87,2000,2,1,1020,-3.7,0,"SW",1.7
1346,2017,1,25,23,268,268,36,96,4100,43,-4.825,1023.25,-8.7,0,"NE",1
1347,2016,9,2,15,3,20,2,10,400,86,28.1,998,13.6,0,"NE",1.5
1348,2017,2,10,21,7,20,5,19,300,60,1.7,1025,-23,0,"N",1.5
1349,2015,10,19,8,38,92,8,63,900,2,12.3,1014.3,5.9,0,"SE",0.8
1350,2017,1,7,20,138,138,13,72,300,2,1.8,1020.3,0.5,0,"E",0.9
1351,2016,8,8,15,23,23,2,14,600,166,32.6,1004.4,18.4,0,"E",2.5
1352,2016,2,11,4,171,171,91,92,4600,11,0.9,1012.4,-4.3,0,"E",0.8
1353,2016,12,23,11,14,21,6,31,500,42,0.5,1028,-14.7,0,"NE",2.5
1354,2015,10,31,15,26,47,6,52,400,57,14.9,1024.9,-5.5,0,"SW",2.4
1355,2015,10,20,1,147,197,15,106,2000,4,10.2,1011.9,9.1,0,"E",1.3
1356,2014,5,25,8,132,279,3,36,500,57,24,1003.2,2.7,0,"NW",2.8
1357,2013,11,30,13,14,28,15,12.9339,300,58,10.3,1019.2,-14.5,0,"NW",2.2
1358,2013,3,29,7,96,148,30,80,2100,3,3.4,1020.4,-4.6,0,"E",1.8
1359,2015,1,30,23,14,28,9,42,400,42,-4,1032,-22.6,0,"E",1.5
1360,2017,1,12,2,17,18,10,38,500,28,-1,1019,-12.5,0,"NE",1.6
1361,2014,12,6,9,38,50,36,75,1100,5,-4,1022,-18.3,0,"NW",1.9
1362,2014,4,12,22,88,148,32,99,1400,21,14,1012.4,1.6,0,"SE",1.2
1363,2015,1,18,19,14,230,2,17,300,78,3,1019,-15.2,0,"NW",9.8
1364,2015,9,17,3,157,171,5,125,1800,2,17.5,1013.4,15.8,0,"NE",1.3
1365,2016,4,12,10,81,81,9,52,800,26,8.2,1005.1,4.4,0.1,"NE",0.9
1366,2014,7,29,15,87,88,2,13,700,210,33.3,997.1,19.4,0,"S",1.9
1367,2016,3,7,0,113,246,52,107,2400,6,4.2,1013.1,-6.7,0,"E",1.2
1368,2013,8,16,1,49,49,3,11,600,123,27.2,994.3,25.8,0,"S",0.1
1369,2015,1,28,10,10,28,16,42,500,44,-2,1035,-19.9,0,"NE",1.7
1370,2016,3,26,13,11,25,4,17,300,86,16.9,1019.9,-10.8,0,"N",2.8
1371,2016,8,14,10,16,36,4,22,600,44,30,1003.1,17.5,0,"N",1.9
1372,2016,9,23,11,126,126,3,29,1100,108,22.075,1009,17.5,0,"NE",1.3
1373,2016,4,25,22,164,181,21,43,1000,131,17.2,1011.9,9.4,0,"SE",4.5
1374,2014,6,13,21,17,30,2,63,700,65,21.1,1004.2,17.3,0,"N",1.1
1375,2017,1,26,8,292,292,50,86,4700,4,-2.925,1017,-6.7,0,"NE",1.3
1376,2014,1,20,1,16,137,6,9,200,64,-0.2,1022.3,-17.9,0,"NW",5.3
1377,2013,7,9,1,148,88,4,90,1700,13,25.1,998.3,24.6,0,"E",1.9
1378,2016,6,3,6,78,131,20,118,1600,4,18.6,1002.8,10.7,0,"NE",0.3
1379,2015,4,24,17,42,239,6,33,500,139,25.5,1012.1,-0.6,0,"SW",4.3
1380,2016,7,5,1,113,113,8,31,1000,70,24.5,1005.8,20.4,0,"E",1.5
1381,2013,8,9,9,41,124,6,42,600,49,30.4,997.7,17.8,0,"NW",1.6
1382,2014,5,11,2,55,55,2,43,1300,48,10.3,1008.3,9.2,1.4,"N",2.1
1383,2014,10,8,19,371,382,7,173,2900,2,14.6,1014.3,13.8,0,"NW",0
1384,2016,3,14,7,93,121,15,74,2100,8,-1.4,1021,-6.2,0,"NE",1.2
1385,2016,12,9,12,11,12,6,24,400,56,3.9,1024.8,-13,0,"N",1.7
1386,2015,10,31,8,29,41,6,56,800,4,6,1029.3,-1.6,0,"E",0.7
1387,2015,7,4,13,24,31,6,24,400,96,25.7,1005.4,9.5,0,"SW",2.6
1388,2015,8,8,8,28,37,2,44,700,38,22.6,1009.9,19.2,0,"NE",1.1
1389,2015,8,28,14,7,7,2,13,400,158,32.2,1001.7,13.4,0,"NW",2.3
1390,2015,11,3,19,141,141,18,100,1200,47,10.2,1018.2,6,0,"SE",0.2
1391,2015,10,20,5,92,103,6,78,1200,2,10,1013.1,8.8,0,"S",0.6
1392,2014,5,12,7,54,65,2,58,1100,2,15.3,998.5,11.7,0,"SE",1.1
1393,2014,4,1,3,143,145,6,80,1400,2,8.5,1010.3,7.4,0,"E",0.9
1394,2017,1,4,22,372,372,9,127,8900,8,-1.5,1024.1,-2.5,0,"E",2.4
1395,2016,5,28,22,47,89,14,26,700,156,25.2,1000.1,12.4,0,"SW",3
1396,2016,6,21,21,21,44,2,43,600,111,28.2,996.6,15.5,0,"E",3.1
1397,2013,8,19,3,36,74,3,112,700,2,23.4,1006.1,18.1,0,"NE",0.6
1398,2014,5,14,1,26,180,2,26,100,79,19.2,1000.4,-5,0,"N",2.7
1399,2013,9,7,4,94,107,7,90,2200,1,18.1,1012.9,17.8,0,"E",0.7
1400,2016,9,17,12,20,20,2,30,600,42,22.8,1014.6,14.9,0,"E",1.6
1401,2014,4,1,6,141,149,7,91,1500,2,8.7,1010.9,8.1,0,"E",0.9
1402,2013,10,9,1,94,110,14,44,1200,11,13.1,1009.3,11.5,0,"E",0.9
1403,2016,10,25,6,92,133,2,47,1500,2,5.825,1010.75,5.2,0,"NW",0.6
1404,2016,7,12,12,24,24,2,26,600,59,25.4,997.5,21.7,0,"NW",3
1405,2015,11,5,20,26,26,3,29,400,26,3.5,1028.7,-0.3,0,"NE",3.5
1406,2013,12,25,12,241,285,113,141,4500,14,4,1020.5,-9.8,0,"NW",1.6
1407,2016,6,17,2,48,138,8,67,600,38,24.5,990.1,13.1,0,"NE",0.8
1408,2016,11,4,23,271,315,8,116,3800,4,6.6,1003.8,6,0,"E",1.1
1409,2015,6,12,22,9,15,5,34,500,85,24.9,994.9,11.1,0,"NW",3
1410,2016,9,30,2,124,206,12,114,1300,2,12.7,1012.7,10.4,0,"NE",0.2
1411,2013,5,13,5,70,133,52,111,1500,4,15.3,999.4,4.9,0,"W",1
1412,2014,4,21,22,58,113,8,67,600,80,17.8,1011,2.1,0,"W",1.5
1413,2015,9,23,7,14,14,2,28,500,38,16,1006.2,13.7,0,"N",1.3
1414,2016,9,7,13,42,53,10,29,700,137,29.2,1001.5,14.6,0,"SE",1.6
1415,2017,1,25,2,182,192,50,86,3700,5,-4.65,1031,-11.7,0,"NE",1.6
1416,2015,3,14,16,114,114,60,75,1400,60,10.7,1011.3,-8.1,0,"SW",2.2
1417,2017,1,22,1,13,28,14,53,800,24,-7.275,1031.5,-21.7,0,"NE",2
1418,2016,5,3,10,17,61,2,17,300,79,21.2,996.9,-2,0,"NW",4
1419,2016,7,26,9,16,24,2,27,500,69,28.7,1001.1,19.3,0,"E",1.2
1420,2015,3,18,9,30,30,23,88,1100,23,8.4,1014,-9.6,0,"S",1.6
1421,2015,11,20,15,101,101,21,48,2700,4,1,1022.9,-0.6,0,"E",1.7
1422,2016,6,30,8,55,55,2,65,900,14,22.7,999.7,19.1,0,"NE",2.2
1423,2017,1,10,21,86,118,15,89,1300,5,-0.525,1026,-12,0,"SW",0.6
1424,2017,1,4,9,399,399,10,139,8500,10,-2.9,1022.5,-4.2,0,"E",0.7
1425,2017,1,21,5,97,118,57,80,2300,7,-9.1,1023,-17.6,0,"NE",1.2
1426,2013,4,15,9,66,134,112,72,2299,38,13.6,1001.5,-3.7,0,"E",2.4
1427,2016,9,20,6,7,8,2,38,300,7,14.8,1017.3,10.2,0,"NE",1.3
1428,2015,3,8,12,178,178,34,46,1300,65,9.6,1017.9,-7.6,0,"NE",2.7
1429,2016,10,17,15,25,25,2,29,300,68,22.3,1015.2,3.4,0,"S",1.7
1430,2015,5,12,4,14,19,2,26,300,75,12.8,992.5,4,0,"N",0.9
1431,2014,3,9,3,101,104,56,104,2000,2,-3,1020.9,-9.3,0,"E",0.9
1432,2013,11,17,3,8,9,7,46,500,1.4994,-1.5,1018.6,-8.5,0,"W",0.5
1433,2016,2,29,5,19,24,8,70,700,18,-7,1031.3,-17.2,0,"E",1.1
1434,2016,6,1,1,24,34,10,34,1000,56,21,1008.2,3.2,0,"SE",1.3
1435,2014,3,29,5,15,64,8,14,300,54,12.4,1008.9,1.7,0,"E",1.9
1436,2013,4,27,0,29,79,42,55,500,82,15.9,1005.8,-0.8,0,"NE",1.4
1437,2013,4,9,11,12,26,3,20,300,95,11.1,1016.4,-9.9,0,"NW",5.7
1438,2016,7,27,5,59,86,2,87,1100,2,24.8,998.1,22.7,0,"NE",1
1439,2015,12,2,16,3,5,2,19,500,40,2.3,1015.5,-12.7,0,"NW",6.2
1440,2016,12,12,5,212,217,47,107,2700,6,1.4,1017.7,-4.7,0,"NW",0.9
1441,2013,11,22,5,103,90,36,69,2400,4.9266,-2.6,1022.3,-6.1,0,"NE",1
1442,2015,6,11,18,10,13,2,25,300,86,26.2,992.7,7.2,0,"N",3.1
1443,2015,7,10,7,53,82,9,44,700,26,23.4,1008.8,19.5,0,"E",1.7
1444,2016,9,28,19,13,37,2,50,600,30,13.5,1018.6,6.6,0,"SE",0.2
1445,2014,12,7,3,112,129,58,80,2300,2,-1,1021,-8.9,0,"E",1.3
1446,2016,8,17,14,84,105,7,96,1400,27,27.4,999.7,22.1,0,"NE",1.4
1447,2015,10,2,15,21,51,4,19,300,130,26.1,1004.3,5.1,0,"SW",3.5
1448,2014,1,11,19,219,289,148,125,3000,4,0.1,1025.3,-15.1,0,"W",2
1449,2014,3,10,0,44,75,24,69,1100,2,-0.7,1024.3,-4.6,0,"E",2.1
1450,2016,9,2,12,10,10,2,11,400,61,28.6,998.1,12.1,0,"N",2.1
1451,2015,8,15,0,49,129,5,78,900,83,23.9,1000.3,19.4,0,"SW",0.1
1452,2016,10,16,15,90,90,4,29,600,79,19.6,1011.9,12.6,0,"SW",2.1
1453,2016,6,24,4,53,67,2,93,1100,2,19.1,1002.1,17.2,0,"E",1.3
1454,2014,12,26,18,238,333,115,146,4100,2,-2,1023,-9.2,0,"NE",0.8
1455,2015,11,20,13,80,80,19,45,2700,5,0.7,1023,-0.5,0,"E",1.4
1456,2015,9,3,16,12,22,2,10,400,160,31.1,1008.4,15.9,0,"SE",1.8
1457,2013,5,8,6,118,133,29,72,1100,50,18.4,1011,9.5,0,"E",1.8
1458,2015,1,8,20,189,240,54,140,3800,2,-2,1025,-10.6,0,"E",1
1459,2017,2,15,5,250,250,33,110,3000,2,-2.7,1020.9,-6.2,0,"NE",0.1
1460,2014,3,9,4,67,57,43,95,1500,2,0.1,1021.2,-5.9,0,"NE",0.8
1461,2016,1,12,16,10,10,3,23,400,61,-1.6,1024.8,-24.2,0,"NW",3.5
1462,2015,1,7,10,39,84,39,86,2000,4,0,1028,-18.2,0,"E",1.2
1463,2014,8,13,0,13,163,2,18,400,110,20.9,1002.7,18.8,1,"E",2.4
1464,2017,2,7,15,41,48,17,26,800,61,2.9,1025.5,-9.1,0,"SE",1.6
1465,2014,6,16,9,169,227,7,50,1200,56,25.9,999.9,20,0,"E",1.4
1466,2014,7,16,16,158,158,12,41,1500,226,30.5,998.1,21.3,0,"SE",3
1467,2015,4,1,9,100,112,13,78,1100,14,10.4,1020,2,0,"SW",0.8
1468,2014,11,15,3,205,279,39,114,4000,4,3,1027,-6.2,0,"E",1.1
1469,2014,12,4,7,9,19,7,23,100,57,-4,1022,-24.3,0,"NW",5.5
1470,2014,9,22,12,105,166,23,83,3400,14,21.7,1013.9,17.5,0,"NE",1.7
1471,2016,3,11,6,21,51,6,59,600,21,-3.4,1023.2,-16,0,"NE",0.9
1472,2013,3,2,21,69,90,68,116,2200,6,0.5,1024.8,-15.1,0,"N",0.2
1473,2013,11,23,11,152,147,58,84.173,2300,13,11.3,1015.3,-4.8,0,"N",1
1474,2015,5,17,10,114,186,24,30,900,103,23.2,995.4,15.3,0,"SE",1.8
1475,2013,5,28,11,87,16,5,83,1300,9,21.8,1001.5,17.2,0.1,"N",1.5
1476,2014,4,13,7,158,206,16,94,1800,2,12.1,1014.5,6.4,0,"E",1.2
1477,2013,9,5,9,7,7,1,38,500,51,22.4,1011,15,0,"NE",3.7
1478,2015,2,12,16,33,40,18,46,700,85,6,1012,-14.2,0,"SW",2.5
1479,2015,11,25,18,15,26,5,22,400,45,-7.2,1028.4,-20.1,0,"NW",4.2
1480,2014,1,30,6,9,21,17,14,500,54,-2.6,1014,-15.3,0,"S",1.4
1481,2013,12,6,18,113,223,45,90.5373,1600,4,3.9,1014.7,-5.9,0,"E",0.7
1482,2015,9,11,23,6,6,2,72,700,5,16,1011.7,10.3,0,"NW",1.4
1483,2015,8,29,16,30,72,2,16,600,209,29.3,1003.6,16.8,0,"SW",3.1
1484,2014,2,11,7,101,95,54,78,3200,1,-9.7,1025.9,-15.2,0,"NE",0.7
1485,2013,5,30,16,39,76,10,27,500,188,34.2,999,0.7,0,"SW",3.9
1486,2014,7,10,2,34,99,5,117,900,2,23.1,997.3,19.1,0,"E",0.8
1487,2013,5,7,4,61,149,30,65,1300,85,16.6,1010.9,14.4,0,"E",0.4
1488,2014,1,27,14,141,176,115,83,1900,28,7.7,1012.3,-8.8,0,"E",3
1489,2014,10,5,1,69,69,2,55,1600,2,12.3,1018.5,11.7,0,"N",0.3
1490,2014,6,19,18,74,74,6,26,900,137,24.1,1000.7,17.8,0,"SE",1.6
1491,2014,1,21,1,9,6,11,17,300,54,-2.4,1030.3,-19.3,0,"NE",1.9
1492,2014,8,18,13,74,111,13,31,1000,207,29.5,1006.9,19.2,0,"S",1.6
1493,2015,4,16,12,6,42,2,15,300,88,17.1,1009.5,-13.7,0,"NW",5.6
1494,2013,7,19,18,107,83,5,42,900,191,29.4,997.2,21.4,0,"SW",0.5
1495,2015,3,7,0,322,322,73,123,3300,15,0,1012.7,-6.6,0,"NW",1
1496,2016,10,26,10,8,8,2,27,300,43,13.25,1021.25,-3,0,"NE",2.5
1497,2015,7,30,17,75,75,2,42,1500,101,23.1,1000.4,22.3,4.7,"E",3.6
1498,2013,3,21,22,188,190,29,120,1700,12,6.7,1007.7,-2,0,"N",2.3
1499,2017,1,22,20,58,81,24,84,1500,5,-2.82,1030.8,-19.3,0,"NE",1.7
1500,2016,4,7,8,74,223,8,66,700,20,17.8,1007.4,-5.5,0,"NW",3.5
